project_id,project_name,ministry,sector,budget_allocated_cr,budget_utilized_cr,budget_utilized_pct,start_date,planned_end_date,planned_duration_months,months_elapsed,percent_complete,reporting_delay_days,last_report_gap_days,is_delayed
PRJ-00001,Mineral exploration project 1,Mines,Mineral exploration,127.2,119.82,94.2,2025-07-21,2026-10-14,15,14,96.5,10,0,0
PRJ-00002,Rural water supply project 2,Jal Shakti,Rural water supply,95.85,26.93,28.1,2024-10-21,2028-02-03,40,23,33.4,9,2,1
PRJ-00003,Metro rail project 3,Railways,Metro rail,91.34,25.39,27.8,2022-01-18,2024-02-07,25,56,24.7,4,4,1
PRJ-00004,Irrigation canals project 4,Agriculture,Irrigation canals,26.73,26.65,99.7,2022-01-10,2028-09-05,81,57,95.8,12,0,0
PRJ-00005,Bridges project 5,Road Transport & Highways,Bridges,14.94,10.01,67.0,2022-11-13,2028-04-15,66,46,69.9,0,13,0
PRJ-00006,State highways project 6,Road Transport & Highways,State highways,17.67,7.83,44.3,2026-01-04,2027-11-25,23,8,40.4,5,13,1
PRJ-00007,Transmission lines project 7,Power,Transmission lines,87.49,36.4,41.6,2024-11-15,2031-02-12,76,22,39.9,6,1,0
PRJ-00008,Steel plant expansion project 8,Steel,Steel plant expansion,17.96,0.0,0.0,2026-01-11,2032-11-05,83,8,5.0,2,9,0
PRJ-00009,Transmission lines project 9,Power,Transmission lines,101.63,74.8,73.6,2022-03-01,2028-10-25,81,55,67.5,0,0,0
PRJ-00010,Gas pipelines project 10,Petroleum & Natural Gas,Gas pipelines,142.13,39.23,27.6,2024-12-10,2030-08-11,69,21,33.8,10,1,0
PRJ-00011,Solar parks project 11,New & Renewable Energy,Solar parks,102.58,11.18,10.9,2024-08-14,2025-08-09,12,25,22.9,3,15,1
PRJ-00012,Thermal power project 12,Power,Thermal power,197.4,143.12,72.5,2022-04-07,2027-09-08,66,54,64.5,5,9,1
PRJ-00013,Smart city infra project 13,Housing & Urban Affairs,Smart city infra,63.65,53.02,83.3,2024-08-14,2027-03-02,31,25,86.3,5,4,0
PRJ-00014,Transmission lines project 14,Power,Transmission lines,215.85,226.64,105.0,2020-10-23,2025-04-30,55,71,98.0,2,0,0
PRJ-00015,Rail track doubling project 15,Railways,Rail track doubling,23.31,8.3,35.6,2025-08-29,2030-08-03,60,12,32.3,21,19,0
PRJ-00016,Rail track doubling project 16,Railways,Rail track doubling,396.8,143.64,36.2,2024-03-01,2028-10-06,56,30,39.9,18,6,1
PRJ-00017,Steel plant expansion project 17,Steel,Steel plant expansion,98.0,91.92,93.8,2024-09-11,2026-02-03,17,24,98.0,0,1,0
PRJ-00018,Coal mining infra project 18,Coal,Coal mining infra,120.16,126.17,105.0,2023-03-04,2025-05-22,27,43,98.0,3,42,0
PRJ-00019,Refineries project 19,Petroleum & Natural Gas,Refineries,5.5,3.89,70.8,2025-09-26,2032-06-21,82,11,46.2,2,0,1
PRJ-00020,Urban housing project 20,Housing & Urban Affairs,Urban housing,124.1,64.16,51.7,2021-07-12,2026-04-17,58,63,51.8,2,3,1
PRJ-00021,Solar parks project 21,New & Renewable Energy,Solar parks,294.62,247.48,84.0,2025-02-06,2026-09-29,20,19,98.0,2,12,0
PRJ-00022,State highways project 22,Road Transport & Highways,State highways,21.22,22.28,105.0,2022-06-21,2025-11-02,41,51,98.0,14,0,0
PRJ-00023,Urban housing project 23,Housing & Urban Affairs,Urban housing,8.88,3.55,40.0,2025-09-24,2029-02-05,41,11,24.5,8,33,0
PRJ-00024,Rail track doubling project 24,Railways,Rail track doubling,40.26,30.52,75.8,2024-01-18,2027-11-28,47,32,70.2,0,12,0
PRJ-00025,Coal mining infra project 25,Coal,Coal mining infra,89.63,89.09,99.4,2022-08-13,2027-05-19,58,49,91.6,6,4,0
PRJ-00026,Thermal power project 26,Power,Thermal power,361.12,276.26,76.5,2024-02-07,2028-10-13,57,31,64.3,18,1,0
PRJ-00027,Transmission lines project 27,Power,Transmission lines,97.61,84.92,87.0,2022-06-03,2026-03-14,46,52,82.3,0,12,1
PRJ-00028,Irrigation canals project 28,Agriculture,Irrigation canals,173.27,126.66,73.1,2022-07-18,2024-04-08,21,50,60.4,2,22,1
PRJ-00029,Steel plant expansion project 29,Steel,Steel plant expansion,194.16,36.89,19.0,2022-08-14,2025-04-30,33,49,27.2,0,43,1
PRJ-00030,Optical fibre network project 30,Telecommunications,Optical fibre network,208.99,206.69,98.9,2022-02-02,2025-08-15,43,56,98.0,7,8,0
PRJ-00031,Thermal power project 31,Power,Thermal power,150.41,42.72,28.4,2023-08-03,2028-07-07,60,38,23.6,2,33,1
PRJ-00032,Rural water supply project 32,Jal Shakti,Rural water supply,56.75,52.38,92.3,2020-12-27,2027-10-22,83,69,84.5,27,5,0
PRJ-00033,Irrigation project 33,Jal Shakti,Irrigation,37.32,38.03,101.9,2022-05-04,2026-09-10,53,53,98.0,1,10,0
PRJ-00034,State highways project 34,Road Transport & Highways,State highways,90.04,59.97,66.6,2024-11-22,2026-03-17,16,22,66.1,36,16,1
PRJ-00035,Smart city infra project 35,Housing & Urban Affairs,Smart city infra,272.59,164.64,60.4,2023-12-06,2027-09-16,46,33,55.3,3,24,1
PRJ-00036,Bridges project 36,Road Transport & Highways,Bridges,68.79,33.98,49.4,2024-12-29,2031-11-23,84,20,39.5,5,19,0
PRJ-00037,Smart city infra project 37,Housing & Urban Affairs,Smart city infra,44.26,15.98,36.1,2024-12-26,2031-02-23,75,20,35.3,3,7,1
PRJ-00038,Refineries project 38,Petroleum & Natural Gas,Refineries,6.52,1.55,23.8,2021-03-21,2026-12-20,70,66,27.1,7,8,1
PRJ-00039,Metro rail project 39,Railways,Metro rail,26.31,10.37,39.4,2024-09-10,2027-01-28,29,24,45.9,7,9,1
PRJ-00040,Irrigation project 40,Jal Shakti,Irrigation,392.47,297.49,75.8,2022-01-01,2028-10-26,83,57,82.1,29,3,0
PRJ-00041,Optical fibre network project 41,Telecommunications,Optical fibre network,23.8,12.88,54.1,2024-09-14,2030-02-15,66,24,45.4,0,6,0
PRJ-00042,Solar parks project 42,New & Renewable Energy,Solar parks,43.18,35.49,82.2,2023-12-10,2028-09-14,58,33,69.5,2,3,0
PRJ-00043,Irrigation project 43,Jal Shakti,Irrigation,1052.37,289.4,27.5,2025-05-27,2031-09-23,77,15,34.6,4,0,0
PRJ-00044,Airport terminals project 44,Civil Aviation,Airport terminals,48.98,29.49,60.2,2025-09-01,2027-02-23,18,12,61.3,0,6,0
PRJ-00045,Rail track doubling project 45,Railways,Rail track doubling,556.76,330.72,59.4,2025-04-27,2027-12-13,32,16,73.8,8,8,1
PRJ-00046,Irrigation canals project 46,Agriculture,Irrigation canals,112.9,46.97,41.6,2023-10-24,2025-06-15,20,35,41.0,1,10,1
PRJ-00047,Refineries project 47,Petroleum & Natural Gas,Refineries,77.29,36.79,47.6,2024-01-15,2029-11-14,71,32,67.1,3,34,0
PRJ-00048,Port development project 48,Shipping,Port development,118.05,36.95,31.3,2024-10-08,2031-07-04,82,23,29.2,18,4,0
PRJ-00049,National highways project 49,Road Transport & Highways,National highways,30.99,31.33,101.1,2022-05-13,2024-07-01,26,52,98.0,1,15,0
PRJ-00050,Irrigation canals project 50,Agriculture,Irrigation canals,29.41,17.94,61.0,2021-03-20,2027-10-15,80,66,73.2,1,17,0
PRJ-00051,Rural water supply project 51,Jal Shakti,Rural water supply,135.81,142.6,105.0,2021-11-13,2026-05-21,55,58,98.0,15,1,0
PRJ-00052,Rail track doubling project 52,Railways,Rail track doubling,67.75,32.99,48.7,2024-07-13,2030-01-13,67,26,40.2,14,0,1
PRJ-00053,Thermal power project 53,Power,Thermal power,101.64,50.31,49.5,2023-08-20,2024-08-14,12,37,28.6,24,4,1
PRJ-00054,Rural water supply project 54,Jal Shakti,Rural water supply,319.39,300.23,94.0,2020-09-23,2026-12-21,76,72,94.1,11,9,0
PRJ-00055,Thermal power project 55,Power,Thermal power,236.9,113.0,47.7,2023-05-02,2025-05-21,25,41,53.3,3,11,1
PRJ-00056,Mineral exploration project 56,Mines,Mineral exploration,37.97,16.55,43.6,2024-07-03,2030-09-30,76,26,48.4,13,35,0
PRJ-00057,Steel plant expansion project 57,Steel,Steel plant expansion,26.21,19.61,74.8,2025-01-23,2027-08-11,31,20,76.4,12,1,0
PRJ-00058,Rural roads project 58,Rural Development,Rural roads,45.01,35.15,78.1,2021-11-26,2024-07-13,32,58,70.4,5,10,1
PRJ-00059,Optical fibre network project 59,Telecommunications,Optical fibre network,57.89,56.04,96.8,2020-10-31,2027-04-28,79,71,96.7,2,0,0
PRJ-00060,National highways project 60,Road Transport & Highways,National highways,123.44,129.61,105.0,2022-10-27,2027-03-05,53,47,90.2,5,11,0
PRJ-00061,Airport terminals project 61,Civil Aviation,Airport terminals,207.27,85.6,41.3,2026-01-26,2028-03-16,26,7,49.4,0,3,0
PRJ-00062,Rural roads project 62,Rural Development,Rural roads,54.32,55.19,101.6,2021-04-02,2025-06-10,51,66,98.0,3,20,0
PRJ-00063,Irrigation project 63,Jal Shakti,Irrigation,20.74,7.57,36.5,2025-11-08,2029-04-21,42,10,18.2,19,32,0
PRJ-00064,Solar parks project 64,New & Renewable Energy,Solar parks,60.6,52.72,87.0,2020-11-13,2022-09-04,22,71,98.0,13,5,0
PRJ-00065,Bridges project 65,Road Transport & Highways,Bridges,57.46,26.2,45.6,2022-01-28,2028-02-26,74,56,45.1,4,17,1
PRJ-00066,Bridges project 66,Road Transport & Highways,Bridges,44.39,40.26,90.7,2020-09-11,2027-04-08,80,73,85.3,1,13,0
PRJ-00067,Metro rail project 67,Railways,Metro rail,9.08,3.58,39.4,2025-06-17,2031-05-17,72,15,38.2,0,8,0
PRJ-00068,Optical fibre network project 68,Telecommunications,Optical fibre network,83.18,26.53,31.9,2025-04-02,2028-12-12,45,17,34.6,6,0,0
PRJ-00069,Port development project 69,Shipping,Port development,154.31,74.99,48.6,2021-04-15,2026-09-16,66,66,66.2,9,5,1
PRJ-00070,Transmission lines project 70,Power,Transmission lines,211.01,210.17,99.6,2020-12-20,2027-08-16,81,69,86.3,3,11,0
PRJ-00071,Transmission lines project 71,Power,Transmission lines,7.28,6.95,95.4,2022-03-07,2026-05-15,51,55,96.3,4,12,0
PRJ-00072,Refineries project 72,Petroleum & Natural Gas,Refineries,56.84,15.86,27.9,2022-05-31,2027-04-05,59,52,23.0,1,5,1
PRJ-00073,Coal mining infra project 73,Coal,Coal mining infra,61.47,16.29,26.5,2021-02-18,2027-07-17,78,67,34.4,8,2,1
PRJ-00074,Coal mining infra project 74,Coal,Coal mining infra,10.34,3.84,37.1,2025-07-02,2029-01-12,43,14,36.7,3,19,0
PRJ-00075,Irrigation project 75,Jal Shakti,Irrigation,26.85,5.4,20.1,2025-10-26,2030-05-03,55,10,22.3,16,19,0
PRJ-00076,National highways project 76,Road Transport & Highways,National highways,25.6,19.71,77.0,2022-11-18,2029-08-13,82,46,80.1,1,5,0
PRJ-00077,Irrigation project 77,Jal Shakti,Irrigation,565.92,572.15,101.1,2022-11-17,2026-03-01,40,46,98.0,0,8,0
PRJ-00078,National highways project 78,Road Transport & Highways,National highways,18.84,8.93,47.4,2025-10-12,2027-05-05,19,11,56.4,4,5,0
PRJ-00079,Irrigation project 79,Jal Shakti,Irrigation,28.77,27.62,96.0,2025-10-19,2027-02-11,16,11,87.2,1,18,0
PRJ-00080,Smart city infra project 80,Housing & Urban Affairs,Smart city infra,21.41,6.77,31.6,2025-10-12,2032-02-08,77,11,15.8,6,1,0
PRJ-00081,Irrigation project 81,Jal Shakti,Irrigation,21.36,7.09,33.2,2024-08-13,2030-09-11,74,25,27.6,8,1,0
PRJ-00082,Transmission lines project 82,Power,Transmission lines,36.76,8.42,22.9,2023-02-26,2025-06-15,28,43,28.4,1,27,1
PRJ-00083,Solar parks project 83,New & Renewable Energy,Solar parks,71.03,40.13,56.5,2022-12-12,2028-11-10,72,45,65.6,4,41,0
PRJ-00084,Irrigation project 84,Jal Shakti,Irrigation,90.79,85.98,94.7,2021-10-12,2027-09-11,72,60,92.6,2,9,0
PRJ-00085,Gas pipelines project 85,Petroleum & Natural Gas,Gas pipelines,7.61,4.57,60.1,2025-02-10,2027-01-31,24,19,78.1,11,8,0
PRJ-00086,Rail track doubling project 86,Railways,Rail track doubling,36.74,9.15,24.9,2022-06-26,2027-12-27,67,51,22.2,7,7,1
PRJ-00087,Rural roads project 87,Rural Development,Rural roads,28.58,17.69,61.9,2023-10-21,2029-01-22,64,35,67.7,3,3,0
PRJ-00088,Coal mining infra project 88,Coal,Coal mining infra,280.96,0.0,0.0,2021-05-02,2022-10-24,18,65,9.6,7,31,1
PRJ-00089,Irrigation canals project 89,Agriculture,Irrigation canals,108.04,48.73,45.1,2022-07-07,2024-06-26,24,51,46.7,22,10,1
PRJ-00090,State highways project 90,Road Transport & Highways,State highways,57.07,33.84,59.3,2023-12-03,2028-06-09,55,33,62.5,12,20,0
PRJ-00091,Rail track doubling project 91,Railways,Rail track doubling,97.19,72.31,74.4,2024-10-13,2027-09-28,36,23,78.5,3,6,0
PRJ-00092,Transmission lines project 92,Power,Transmission lines,27.68,15.2,54.9,2023-03-04,2028-11-02,69,43,54.7,2,27,0
PRJ-00093,Metro rail project 93,Railways,Metro rail,196.02,205.04,104.6,2023-10-24,2026-09-08,35,35,93.2,18,1,0
PRJ-00094,Rural water supply project 94,Jal Shakti,Rural water supply,129.31,120.9,93.5,2023-08-02,2027-02-12,43,38,89.5,6,4,0
PRJ-00095,Bridges project 95,Road Transport & Highways,Bridges,196.26,109.91,56.0,2023-09-11,2030-06-06,82,36,52.7,0,5,0
PRJ-00096,Rail track doubling project 96,Railways,Rail track doubling,355.34,262.95,74.0,2025-11-23,2032-07-19,81,9,64.3,1,12,1
PRJ-00097,National highways project 97,Road Transport & Highways,National highways,114.14,27.85,24.4,2020-09-29,2022-08-20,23,72,9.4,2,7,1
PRJ-00098,Irrigation project 98,Jal Shakti,Irrigation,84.33,72.95,86.5,2025-03-31,2030-07-03,64,17,80.6,7,30,1
PRJ-00099,Airport terminals project 99,Civil Aviation,Airport terminals,23.86,22.17,92.9,2023-06-25,2026-09-07,39,39,98.0,6,32,0
PRJ-00100,Refineries project 100,Petroleum & Natural Gas,Refineries,59.31,61.21,103.2,2021-02-12,2022-09-05,19,68,98.0,0,6,0
PRJ-00101,Thermal power project 101,Power,Thermal power,54.3,4.51,8.3,2024-01-20,2025-01-14,12,32,24.8,12,9,1
PRJ-00102,Refineries project 102,Petroleum & Natural Gas,Refineries,49.46,12.22,24.7,2024-09-09,2030-06-10,70,24,27.3,3,7,0
PRJ-00103,Urban housing project 103,Housing & Urban Affairs,Urban housing,48.45,25.34,52.3,2023-10-22,2030-08-16,83,35,45.3,5,10,0
PRJ-00104,Irrigation canals project 104,Agriculture,Irrigation canals,17.77,4.87,27.4,2022-02-24,2028-03-24,74,55,29.0,25,69,1
PRJ-00105,Metro rail project 105,Railways,Metro rail,1891.96,832.46,44.0,2025-02-11,2029-02-20,49,19,45.4,0,2,0
PRJ-00106,Transmission lines project 106,Power,Transmission lines,1883.53,870.19,46.2,2020-09-30,2022-04-23,19,72,72.8,0,6,1
PRJ-00107,Solar parks project 107,New & Renewable Energy,Solar parks,336.94,185.65,55.1,2022-01-20,2028-09-15,81,56,62.9,1,12,0
PRJ-00108,State highways project 108,Road Transport & Highways,State highways,41.66,40.95,98.3,2021-12-26,2026-04-04,52,57,98.0,1,3,0
PRJ-00109,State highways project 109,Road Transport & Highways,State highways,170.4,30.67,18.0,2025-11-24,2031-11-23,73,9,13.1,0,12,0
PRJ-00110,Port development project 110,Shipping,Port development,42.27,40.88,96.7,2021-01-09,2027-07-07,79,69,94.2,2,6,0
PRJ-00111,Thermal power project 111,Power,Thermal power,16.36,1.33,8.1,2025-11-10,2032-03-08,77,10,20.6,2,6,0
PRJ-00112,Bridges project 112,Road Transport & Highways,Bridges,13.28,11.14,83.9,2021-05-28,2024-04-12,35,64,98.0,3,6,0
PRJ-00113,Bridges project 113,Road Transport & Highways,Bridges,5.0,5.1,102.0,2022-11-04,2024-06-26,20,47,98.0,2,24,0
PRJ-00114,Irrigation canals project 114,Agriculture,Irrigation canals,235.89,246.98,104.7,2021-05-06,2024-10-17,42,65,98.0,12,3,0
PRJ-00115,Refineries project 115,Petroleum & Natural Gas,Refineries,83.27,7.91,9.5,2025-07-04,2032-05-28,84,14,17.3,33,0,0
PRJ-00116,Irrigation project 116,Jal Shakti,Irrigation,8.02,8.28,103.3,2022-12-07,2024-04-30,17,46,98.0,6,0,0
PRJ-00117,Steel plant expansion project 117,Steel,Steel plant expansion,93.02,0.0,0.0,2025-09-20,2031-01-22,65,12,8.7,7,8,0
PRJ-00118,Irrigation canals project 118,Agriculture,Irrigation canals,42.42,16.8,39.6,2022-11-27,2029-10-21,84,46,47.6,7,5,0
PRJ-00119,Port development project 119,Shipping,Port development,18.75,13.69,73.0,2024-05-28,2028-02-07,45,28,71.2,6,15,0
PRJ-00120,Transmission lines project 120,Power,Transmission lines,146.91,148.97,101.4,2022-06-04,2026-09-11,52,52,91.5,0,17,0
PRJ-00121,Irrigation project 121,Jal Shakti,Irrigation,63.72,27.91,43.8,2024-09-09,2029-10-13,62,24,49.4,9,19,0
PRJ-00122,Metro rail project 122,Railways,Metro rail,16.21,2.64,16.3,2022-05-31,2026-07-09,50,52,18.6,7,9,1
PRJ-00123,Coal mining infra project 123,Coal,Coal mining infra,109.32,112.16,102.6,2024-05-28,2026-02-17,21,28,98.0,13,3,0
PRJ-00124,National highways project 124,Road Transport & Highways,National highways,9.17,5.22,56.9,2023-08-11,2030-07-05,84,37,55.6,35,0,0
PRJ-00125,Rail track doubling project 125,Railways,Rail track doubling,16.36,4.12,25.2,2025-10-07,2032-05-03,80,11,18.4,20,23,0
PRJ-00126,Transmission lines project 126,Power,Transmission lines,36.41,7.97,21.9,2023-05-05,2027-01-14,45,41,16.9,14,1,1
PRJ-00127,Metro rail project 127,Railways,Metro rail,89.01,83.31,93.6,2020-12-11,2025-07-18,56,70,98.0,3,9,0
PRJ-00128,Bridges project 128,Road Transport & Highways,Bridges,28.62,29.74,103.9,2021-04-01,2024-10-12,43,66,98.0,7,0,0
PRJ-00129,Rural roads project 129,Rural Development,Rural roads,74.22,69.1,93.1,2024-07-31,2027-03-18,32,25,79.0,22,7,0
PRJ-00130,Coal mining infra project 130,Coal,Coal mining infra,220.47,113.98,51.7,2021-07-03,2028-02-27,81,63,69.3,33,16,0
PRJ-00131,Urban housing project 131,Housing & Urban Affairs,Urban housing,38.62,19.31,50.0,2022-10-01,2029-03-28,79,48,57.7,3,0,0
PRJ-00132,National highways project 132,Road Transport & Highways,National highways,5.4,3.18,58.8,2022-06-08,2029-03-03,82,52,67.1,9,25,0
PRJ-00133,Urban housing project 133,Housing & Urban Affairs,Urban housing,62.53,33.27,53.2,2020-12-14,2023-01-03,25,70,48.3,7,11,1
PRJ-00134,Metro rail project 134,Railways,Metro rail,8.66,4.32,49.9,2024-09-11,2026-10-31,26,24,56.1,1,5,1
PRJ-00135,Rail track doubling project 135,Railways,Rail track doubling,422.7,170.35,40.3,2022-01-06,2028-10-01,82,57,34.0,9,3,1
PRJ-00136,Metro rail project 136,Railways,Metro rail,1428.8,621.53,43.5,2024-08-26,2028-08-05,48,25,37.7,6,1,1
PRJ-00137,Steel plant expansion project 137,Steel,Steel plant expansion,96.7,30.85,31.9,2024-12-30,2029-07-07,55,20,39.9,8,5,0
PRJ-00138,Transmission lines project 138,Power,Transmission lines,210.47,101.66,48.3,2022-04-29,2026-01-08,45,53,58.9,5,0,1
PRJ-00139,Port development project 139,Shipping,Port development,65.28,65.35,100.1,2023-06-10,2027-01-20,44,39,89.7,5,13,0
PRJ-00140,State highways project 140,Road Transport & Highways,State highways,7.92,2.76,34.8,2025-08-29,2031-01-30,66,12,30.6,16,24,0
PRJ-00141,Rural water supply project 141,Jal Shakti,Rural water supply,193.76,189.11,97.6,2025-12-06,2026-12-01,12,9,91.1,9,2,0
PRJ-00142,Smart city infra project 142,Housing & Urban Affairs,Smart city infra,41.21,23.65,57.4,2021-11-08,2024-02-26,28,59,53.4,10,8,1
PRJ-00143,Mineral exploration project 143,Mines,Mineral exploration,85.49,67.96,79.5,2020-09-07,2024-05-19,45,73,57.9,7,18,1
PRJ-00144,Thermal power project 144,Power,Thermal power,94.31,78.84,83.6,2022-01-08,2027-08-10,68,57,98.0,6,32,0
PRJ-00145,Optical fibre network project 145,Telecommunications,Optical fibre network,37.32,30.19,80.9,2022-03-22,2027-08-23,66,54,87.9,2,5,0
PRJ-00146,Optical fibre network project 146,Telecommunications,Optical fibre network,35.72,10.57,29.6,2026-02-15,2028-04-05,26,7,34.9,16,0,0
PRJ-00147,Bridges project 147,Road Transport & Highways,Bridges,510.39,0.0,0.0,2020-11-17,2023-06-05,31,70,16.0,9,2,1
PRJ-00148,Optical fibre network project 148,Telecommunications,Optical fibre network,154.97,124.75,80.5,2025-12-23,2030-10-28,59,8,67.4,1,3,1
PRJ-00149,Solar parks project 149,New & Renewable Energy,Solar parks,155.28,141.46,91.1,2023-01-30,2025-07-18,30,44,98.0,4,49,0
PRJ-00150,Gas pipelines project 150,Petroleum & Natural Gas,Gas pipelines,214.27,196.06,91.5,2025-06-18,2026-11-10,17,15,93.8,2,5,0
PRJ-00151,Urban housing project 151,Housing & Urban Affairs,Urban housing,59.93,33.86,56.5,2024-02-19,2025-07-13,17,31,51.9,27,17,1
PRJ-00152,Rural roads project 152,Rural Development,Rural roads,121.26,90.82,74.9,2024-12-31,2028-07-13,43,20,70.0,7,7,1
PRJ-00153,Irrigation canals project 153,Agriculture,Irrigation canals,27.68,6.09,22.0,2025-08-08,2030-04-14,57,13,28.8,1,3,0
PRJ-00154,Optical fibre network project 154,Telecommunications,Optical fibre network,29.22,10.11,34.6,2021-03-22,2026-06-24,64,66,41.5,4,7,1
PRJ-00155,Steel plant expansion project 155,Steel,Steel plant expansion,8.51,8.3,97.5,2021-12-23,2024-07-10,31,57,98.0,9,3,0
PRJ-00156,Irrigation project 156,Jal Shakti,Irrigation,1514.19,1489.96,98.4,2021-05-01,2023-12-17,32,65,98.0,9,5,0
PRJ-00157,Thermal power project 157,Power,Thermal power,18.14,18.81,103.7,2021-03-27,2026-06-29,64,66,98.0,6,2,0
PRJ-00158,National highways project 158,Road Transport & Highways,National highways,95.41,80.91,84.8,2025-03-04,2029-08-10,54,18,81.2,9,24,1
PRJ-00159,Gas pipelines project 159,Petroleum & Natural Gas,Gas pipelines,213.52,213.52,100.0,2021-09-06,2025-03-19,43,61,98.0,3,7,0
PRJ-00160,Rural water supply project 160,Jal Shakti,Rural water supply,112.36,21.46,19.1,2025-04-14,2027-05-04,25,17,24.4,10,18,1
PRJ-00161,Refineries project 161,Petroleum & Natural Gas,Refineries,64.61,30.37,47.0,2021-04-15,2022-08-08,16,66,45.8,6,2,1
PRJ-00162,Airport terminals project 162,Civil Aviation,Airport terminals,34.71,24.09,69.4,2024-12-06,2027-12-21,37,21,70.5,0,15,0
PRJ-00163,Coal mining infra project 163,Coal,Coal mining infra,35.58,27.08,76.1,2024-03-20,2028-05-28,51,30,65.6,3,6,0
PRJ-00164,Irrigation project 164,Jal Shakti,Irrigation,58.15,53.67,92.3,2024-12-05,2026-02-28,15,21,98.0,16,10,0
PRJ-00165,Irrigation canals project 165,Agriculture,Irrigation canals,454.64,261.42,57.5,2025-02-04,2030-04-09,63,19,54.9,10,2,1
PRJ-00166,Smart city infra project 166,Housing & Urban Affairs,Smart city infra,101.59,53.33,52.5,2024-08-13,2026-04-05,20,25,41.9,5,8,1
PRJ-00167,Rural water supply project 167,Jal Shakti,Rural water supply,296.9,134.2,45.2,2024-03-17,2030-07-14,77,30,33.6,1,17,0
PRJ-00168,Refineries project 168,Petroleum & Natural Gas,Refineries,8.82,0.49,5.6,2022-05-15,2028-12-09,80,52,3.1,0,21,1
PRJ-00169,Smart city infra project 169,Housing & Urban Affairs,Smart city infra,8.81,3.04,34.5,2020-11-29,2022-02-22,15,70,38.0,7,0,1
PRJ-00170,Rail track doubling project 170,Railways,Rail track doubling,200.58,210.61,105.0,2021-04-05,2024-12-15,45,66,98.0,5,24,0
PRJ-00171,Thermal power project 171,Power,Thermal power,47.62,28.62,60.1,2022-12-03,2026-08-14,45,46,59.6,2,0,1
PRJ-00172,State highways project 172,Road Transport & Highways,State highways,56.25,11.14,19.8,2025-07-27,2031-01-27,67,13,19.7,21,1,0
PRJ-00173,Rural roads project 173,Rural Development,Rural roads,219.47,212.01,96.6,2022-02-03,2026-05-13,52,56,98.0,4,1,0
PRJ-00174,Gas pipelines project 174,Petroleum & Natural Gas,Gas pipelines,19.69,12.17,61.8,2022-10-12,2029-02-07,77,47,68.3,8,7,0
PRJ-00175,Rail track doubling project 175,Railways,Rail track doubling,52.05,51.37,98.7,2024-01-08,2026-12-23,36,32,95.1,9,8,0
PRJ-00176,Rural water supply project 176,Jal Shakti,Rural water supply,233.19,124.76,53.5,2025-12-06,2031-06-08,67,9,49.0,6,13,1
PRJ-00177,National highways project 177,Road Transport & Highways,National highways,152.99,78.33,51.2,2023-04-07,2029-11-01,80,41,58.7,4,89,0
PRJ-00178,Irrigation canals project 178,Agriculture,Irrigation canals,246.33,250.27,101.6,2022-02-22,2025-03-08,37,55,98.0,12,6,0
PRJ-00179,Rural roads project 179,Rural Development,Rural roads,313.03,328.68,105.0,2023-10-05,2025-05-27,20,35,98.0,13,20,0
PRJ-00180,Irrigation canals project 180,Agriculture,Irrigation canals,78.0,63.65,81.6,2021-01-06,2025-06-14,54,69,98.0,0,14,0
PRJ-00181,Steel plant expansion project 181,Steel,Steel plant expansion,18.38,19.3,105.0,2024-06-02,2026-08-21,27,27,98.0,2,11,0
PRJ-00182,Urban housing project 182,Housing & Urban Affairs,Urban housing,5.0,4.08,81.6,2023-05-03,2027-07-11,51,41,81.8,15,5,0
PRJ-00183,Irrigation canals project 183,Agriculture,Irrigation canals,10.95,9.4,85.8,2023-11-21,2028-03-29,53,34,80.2,6,20,0
PRJ-00184,Refineries project 184,Petroleum & Natural Gas,Refineries,48.01,22.42,46.7,2022-04-09,2026-04-18,49,54,41.2,20,1,1
PRJ-00185,Optical fibre network project 185,Telecommunications,Optical fibre network,7.38,4.58,62.0,2025-06-19,2028-06-03,36,15,48.1,2,4,0
PRJ-00186,Gas pipelines project 186,Petroleum & Natural Gas,Gas pipelines,477.65,416.99,87.3,2022-06-14,2027-05-19,60,51,88.9,2,13,0
PRJ-00187,Irrigation canals project 187,Agriculture,Irrigation canals,76.48,13.38,17.5,2021-12-25,2024-10-10,34,57,13.1,9,39,1
PRJ-00188,Steel plant expansion project 188,Steel,Steel plant expansion,410.2,228.89,55.8,2022-12-27,2027-02-04,50,45,54.4,6,11,1
PRJ-00189,Refineries project 189,Petroleum & Natural Gas,Refineries,71.06,24.44,34.4,2023-02-08,2024-02-03,12,43,16.9,2,21,1
PRJ-00190,Urban housing project 190,Housing & Urban Affairs,Urban housing,46.62,34.59,74.2,2024-07-27,2027-09-10,38,26,79.8,2,6,0
PRJ-00191,Gas pipelines project 191,Petroleum & Natural Gas,Gas pipelines,27.78,28.09,101.1,2021-10-09,2026-02-15,53,60,98.0,7,16,0
PRJ-00192,Coal mining infra project 192,Coal,Coal mining infra,42.08,36.06,85.7,2023-09-14,2029-04-15,68,36,69.5,0,9,1
PRJ-00193,Irrigation canals project 193,Agriculture,Irrigation canals,32.31,13.63,42.2,2024-12-24,2031-04-22,77,21,25.8,7,6,0
PRJ-00194,Airport terminals project 194,Civil Aviation,Airport terminals,237.29,108.68,45.8,2021-09-23,2024-06-09,33,60,51.1,37,10,1
PRJ-00195,Irrigation canals project 195,Agriculture,Irrigation canals,40.74,6.19,15.2,2025-09-14,2029-08-24,48,12,25.3,0,3,0
PRJ-00196,Port development project 196,Shipping,Port development,31.11,12.32,39.6,2022-06-16,2026-11-22,54,51,32.6,5,9,1
PRJ-00197,Bridges project 197,Road Transport & Highways,Bridges,102.53,58.95,57.5,2021-08-03,2025-01-14,42,62,69.6,6,61,1
PRJ-00198,Irrigation canals project 198,Agriculture,Irrigation canals,164.6,109.46,66.5,2024-06-09,2027-09-22,40,27,73.3,10,37,0
PRJ-00199,Transmission lines project 199,Power,Transmission lines,134.34,119.56,89.0,2025-05-09,2026-08-02,15,16,98.0,1,16,0
PRJ-00200,State highways project 200,Road Transport & Highways,State highways,368.05,68.46,18.6,2024-10-21,2030-09-20,72,23,32.7,12,1,0
PRJ-00201,Steel plant expansion project 201,Steel,Steel plant expansion,322.8,147.52,45.7,2021-05-31,2023-02-20,21,64,48.8,5,1,1
PRJ-00202,Coal mining infra project 202,Coal,Coal mining infra,128.36,18.87,14.7,2023-11-09,2026-10-24,36,34,23.6,9,5,1
PRJ-00203,Refineries project 203,Petroleum & Natural Gas,Refineries,6.13,5.92,96.5,2023-05-29,2028-07-31,63,40,71.6,4,30,0
PRJ-00204,Irrigation project 204,Jal Shakti,Irrigation,92.45,44.28,47.9,2025-05-08,2026-05-03,12,16,36.2,15,25,1
PRJ-00205,Rail track doubling project 205,Railways,Rail track doubling,94.41,32.0,33.9,2021-10-24,2027-03-27,66,59,41.5,12,2,1
PRJ-00206,Irrigation project 206,Jal Shakti,Irrigation,17.33,4.9,28.3,2025-03-11,2031-08-07,78,18,26.3,29,23,0
PRJ-00207,Coal mining infra project 207,Coal,Coal mining infra,64.55,1.81,2.8,2025-11-24,2032-09-18,83,9,15.9,7,6,0
PRJ-00208,Irrigation project 208,Jal Shakti,Irrigation,41.13,22.91,55.7,2021-01-13,2023-04-03,27,69,55.2,0,6,1
PRJ-00209,Coal mining infra project 209,Coal,Coal mining infra,72.52,16.24,22.4,2025-06-06,2031-04-06,71,15,16.4,4,11,0
PRJ-00210,Irrigation canals project 210,Agriculture,Irrigation canals,18.98,9.4,49.5,2023-03-15,2030-01-07,83,42,50.1,0,63,0
PRJ-00211,Steel plant expansion project 211,Steel,Steel plant expansion,80.9,30.98,38.3,2024-05-26,2029-12-26,68,28,41.3,32,14,0
PRJ-00212,Steel plant expansion project 212,Steel,Steel plant expansion,68.06,56.76,83.4,2021-08-10,2027-11-07,76,62,74.3,45,11,0
PRJ-00213,Gas pipelines project 213,Petroleum & Natural Gas,Gas pipelines,5.0,3.44,68.7,2021-07-09,2028-04-03,82,63,70.9,1,5,0
PRJ-00214,Coal mining infra project 214,Coal,Coal mining infra,320.59,308.73,96.3,2021-02-23,2023-10-11,32,67,98.0,10,7,0
PRJ-00215,Airport terminals project 215,Civil Aviation,Airport terminals,32.78,30.45,92.9,2023-08-28,2027-05-09,45,37,87.1,6,1,0
PRJ-00216,Irrigation project 216,Jal Shakti,Irrigation,5.22,1.08,20.7,2021-06-20,2025-04-30,47,63,21.1,14,4,1
PRJ-00217,Port development project 217,Shipping,Port development,53.26,51.08,95.9,2023-06-18,2026-11-29,42,39,98.0,3,26,0
PRJ-00218,Rural water supply project 218,Jal Shakti,Rural water supply,294.43,154.28,52.4,2023-09-18,2025-06-09,21,36,43.2,4,12,1
PRJ-00219,Urban housing project 219,Housing & Urban Affairs,Urban housing,174.99,79.8,45.6,2024-11-11,2028-08-22,46,22,53.1,8,1,0
PRJ-00220,Smart city infra project 220,Housing & Urban Affairs,Smart city infra,74.83,33.82,45.2,2024-05-21,2031-01-15,81,28,49.7,9,0,1
PRJ-00221,Bridges project 221,Road Transport & Highways,Bridges,11.57,5.83,50.4,2025-05-27,2027-12-13,31,15,45.0,3,2,0
PRJ-00222,Irrigation project 222,Jal Shakti,Irrigation,96.28,101.09,105.0,2024-01-12,2026-07-30,31,32,98.0,11,5,0
PRJ-00223,Transmission lines project 223,Power,Transmission lines,43.84,20.03,45.7,2025-10-26,2031-02-27,65,10,24.0,7,0,0
PRJ-00224,Gas pipelines project 224,Petroleum & Natural Gas,Gas pipelines,442.44,166.36,37.6,2024-04-28,2030-12-23,81,29,34.0,11,4,0
PRJ-00225,Coal mining infra project 225,Coal,Coal mining infra,17.15,16.33,95.2,2023-11-06,2025-05-29,19,34,98.0,4,26,0
PRJ-00226,Transmission lines project 226,Power,Transmission lines,11.67,10.49,89.9,2021-07-05,2026-11-06,65,63,98.0,13,7,0
PRJ-00227,Refineries project 227,Petroleum & Natural Gas,Refineries,126.25,44.94,35.6,2021-02-07,2022-04-03,14,68,48.6,11,50,1
PRJ-00228,Solar parks project 228,New & Renewable Energy,Solar parks,58.99,20.17,34.2,2024-01-17,2030-01-15,73,32,49.1,10,22,0
PRJ-00229,National highways project 229,Road Transport & Highways,National highways,99.63,80.1,80.4,2020-11-22,2025-07-29,57,70,98.0,7,14,0
PRJ-00230,Urban housing project 230,Housing & Urban Affairs,Urban housing,102.23,40.69,39.8,2021-12-14,2026-12-18,61,57,40.0,11,3,1
PRJ-00231,Gas pipelines project 231,Petroleum & Natural Gas,Gas pipelines,50.82,38.27,75.3,2023-02-28,2029-10-24,81,43,71.4,12,11,0
PRJ-00232,Steel plant expansion project 232,Steel,Steel plant expansion,34.16,29.69,86.9,2021-02-22,2024-06-06,40,67,98.0,12,1,0
PRJ-00233,Airport terminals project 233,Civil Aviation,Airport terminals,170.56,103.19,60.5,2024-12-12,2028-09-22,46,21,64.5,44,26,0
PRJ-00234,Gas pipelines project 234,Petroleum & Natural Gas,Gas pipelines,7.33,6.77,92.3,2023-06-16,2024-09-08,15,39,98.0,4,1,0
PRJ-00235,Refineries project 235,Petroleum & Natural Gas,Refineries,32.54,31.21,95.9,2024-04-17,2029-06-20,63,29,75.8,8,9,1
PRJ-00236,Thermal power project 236,Power,Thermal power,555.69,583.47,105.0,2021-06-19,2027-04-19,71,63,93.7,13,0,0
PRJ-00237,Metro rail project 237,Railways,Metro rail,53.45,56.12,105.0,2020-09-05,2027-04-02,80,73,97.0,12,6,0
PRJ-00238,National highways project 238,Road Transport & Highways,National highways,38.04,15.56,40.9,2021-02-03,2026-03-09,62,68,54.6,4,15,1
PRJ-00239,Solar parks project 239,New & Renewable Energy,Solar parks,17.61,15.57,88.4,2023-01-06,2024-03-31,15,44,98.0,8,21,0
PRJ-00240,Bridges project 240,Road Transport & Highways,Bridges,316.79,16.16,5.1,2022-07-29,2027-12-30,66,50,16.8,7,0,1
PRJ-00241,Metro rail project 241,Railways,Metro rail,80.09,61.59,76.9,2021-04-26,2027-02-24,71,65,92.8,2,24,0
PRJ-00242,Thermal power project 242,Power,Thermal power,41.29,6.44,15.6,2025-11-24,2029-08-05,45,9,16.1,12,1,0
PRJ-00243,Refineries project 243,Petroleum & Natural Gas,Refineries,64.34,49.35,76.7,2024-05-05,2027-07-19,39,28,72.0,4,11,0
PRJ-00244,Coal mining infra project 244,Coal,Coal mining infra,111.49,43.7,39.2,2024-05-06,2028-11-11,55,28,48.1,8,3,0
PRJ-00245,Refineries project 245,Petroleum & Natural Gas,Refineries,49.68,26.18,52.7,2024-08-14,2029-12-16,65,25,55.4,2,0,0
PRJ-00246,Rural water supply project 246,Jal Shakti,Rural water supply,33.65,29.17,86.7,2021-07-01,2023-04-22,22,63,98.0,0,6,0
PRJ-00247,Airport terminals project 247,Civil Aviation,Airport terminals,173.8,33.72,19.4,2026-01-26,2032-09-21,81,7,14.2,0,33,0
PRJ-00248,State highways project 248,Road Transport & Highways,State highways,57.83,59.97,103.7,2020-11-03,2025-06-10,56,71,98.0,2,9,0
PRJ-00249,Irrigation project 249,Jal Shakti,Irrigation,122.29,27.15,22.2,2022-07-14,2024-03-05,20,50,30.3,7,22,1
PRJ-00250,Mineral exploration project 250,Mines,Mineral exploration,250.32,160.46,64.1,2025-12-14,2027-03-09,15,9,62.6,0,14,0
PRJ-00251,Irrigation project 251,Jal Shakti,Irrigation,22.74,23.88,105.0,2025-01-22,2026-03-18,14,20,98.0,4,7,0
PRJ-00252,Steel plant expansion project 252,Steel,Steel plant expansion,665.69,365.46,54.9,2025-04-28,2028-10-09,42,16,54.3,6,7,0
PRJ-00253,Metro rail project 253,Railways,Metro rail,28.8,18.35,63.7,2023-07-11,2025-08-29,26,38,47.5,1,2,1
PRJ-00254,Solar parks project 254,New & Renewable Energy,Solar parks,41.74,37.82,90.6,2020-11-11,2024-01-25,39,71,98.0,4,28,0
PRJ-00255,Coal mining infra project 255,Coal,Coal mining infra,52.74,55.38,105.0,2022-04-04,2025-11-14,44,54,98.0,0,17,0
PRJ-00256,Rural roads project 256,Rural Development,Rural roads,6.17,5.26,85.3,2025-03-28,2027-05-17,26,17,79.9,12,6,0
PRJ-00257,Thermal power project 257,Power,Thermal power,72.84,76.48,105.0,2020-10-08,2024-12-16,51,72,98.0,1,23,0
PRJ-00258,Rail track doubling project 258,Railways,Rail track doubling,47.22,13.65,28.9,2022-12-07,2024-03-01,15,46,34.1,32,26,1
PRJ-00259,Urban housing project 259,Housing & Urban Affairs,Urban housing,19.27,18.17,94.3,2022-12-13,2027-11-17,60,45,80.2,4,40,0
PRJ-00260,Refineries project 260,Petroleum & Natural Gas,Refineries,94.12,89.79,95.4,2020-11-24,2023-12-09,37,70,98.0,8,0,0
PRJ-00261,Bridges project 261,Road Transport & Highways,Bridges,312.19,295.02,94.5,2022-11-10,2026-05-23,43,46,98.0,10,2,0
PRJ-00262,Rail track doubling project 262,Railways,Rail track doubling,94.85,74.36,78.4,2022-04-09,2026-05-18,50,54,98.0,6,20,0
PRJ-00263,Irrigation canals project 263,Agriculture,Irrigation canals,5.0,4.65,93.0,2022-10-24,2025-01-11,27,47,98.0,5,14,0
PRJ-00264,Solar parks project 264,New & Renewable Energy,Solar parks,31.98,23.31,72.9,2021-10-16,2023-03-10,17,59,60.3,3,11,1
PRJ-00265,Rural roads project 265,Rural Development,Rural roads,244.16,157.73,64.6,2023-03-11,2028-08-11,66,42,61.4,5,13,0
PRJ-00266,Irrigation canals project 266,Agriculture,Irrigation canals,315.16,133.0,42.2,2024-02-07,2025-09-29,20,31,37.0,0,21,1
PRJ-00267,Port development project 267,Shipping,Port development,206.99,167.87,81.1,2022-07-19,2027-01-24,55,50,87.9,9,0,0
PRJ-00268,National highways project 268,Road Transport & Highways,National highways,253.99,265.93,104.7,2021-06-01,2026-10-03,65,64,98.0,22,13,0
PRJ-00269,Airport terminals project 269,Civil Aviation,Airport terminals,113.61,15.45,13.6,2025-08-02,2031-02-02,67,13,23.3,8,7,0
PRJ-00270,Rural roads project 270,Rural Development,Rural roads,80.08,51.33,64.1,2022-08-13,2028-05-13,70,49,73.5,3,0,0
PRJ-00271,Metro rail project 271,Railways,Metro rail,102.68,97.96,95.4,2023-09-27,2026-07-13,34,36,98.0,2,16,0
PRJ-00272,Port development project 272,Shipping,Port development,211.72,193.72,91.5,2020-10-06,2024-07-17,46,72,98.0,2,9,0
PRJ-00273,Steel plant expansion project 273,Steel,Steel plant expansion,49.87,35.61,71.4,2021-08-24,2028-03-20,80,61,87.6,0,4,0
PRJ-00274,Airport terminals project 274,Civil Aviation,Airport terminals,261.16,193.52,74.1,2023-07-28,2029-01-27,67,38,65.1,0,10,0
PRJ-00275,Solar parks project 275,New & Renewable Energy,Solar parks,58.22,33.77,58.0,2024-09-03,2029-01-10,53,24,46.4,12,0,1
PRJ-00276,Irrigation project 276,Jal Shakti,Irrigation,104.77,59.4,56.7,2021-07-09,2023-05-30,23,63,50.3,0,21,1
PRJ-00277,Rural water supply project 277,Jal Shakti,Rural water supply,85.32,65.78,77.1,2021-03-27,2026-11-26,69,66,95.4,5,17,0
PRJ-00278,Irrigation project 278,Jal Shakti,Irrigation,210.93,221.48,105.0,2021-12-21,2027-10-21,71,57,95.1,4,14,0
PRJ-00279,Solar parks project 279,New & Renewable Energy,Solar parks,73.56,70.76,96.2,2022-10-04,2027-09-08,60,48,98.0,0,36,0
PRJ-00280,Smart city infra project 280,Housing & Urban Affairs,Smart city infra,456.14,59.3,13.0,2026-01-07,2032-03-06,75,8,14.8,5,5,0
PRJ-00281,Smart city infra project 281,Housing & Urban Affairs,Smart city infra,30.11,4.85,16.1,2025-02-27,2031-03-28,74,18,16.9,1,11,1
PRJ-00282,Transmission lines project 282,Power,Transmission lines,20.85,12.7,60.9,2024-03-10,2027-11-20,45,30,66.7,5,10,1
PRJ-00283,Smart city infra project 283,Housing & Urban Affairs,Smart city infra,5.83,3.05,52.4,2024-08-11,2028-06-21,47,25,59.9,21,1,0
PRJ-00284,Optical fibre network project 284,Telecommunications,Optical fibre network,76.29,3.28,4.3,2026-02-14,2032-07-12,78,7,10.8,16,6,0
PRJ-00285,Transmission lines project 285,Power,Transmission lines,6.4,1.91,29.9,2025-09-12,2029-02-23,42,12,20.9,19,20,0
PRJ-00286,Gas pipelines project 286,Petroleum & Natural Gas,Gas pipelines,80.51,18.68,23.2,2023-06-10,2030-04-04,83,39,45.3,9,5,0
PRJ-00287,Irrigation project 287,Jal Shakti,Irrigation,50.68,17.23,34.0,2022-04-22,2028-03-21,72,53,40.5,11,34,1
PRJ-00288,Mineral exploration project 288,Mines,Mineral exploration,328.43,290.99,88.6,2022-03-10,2028-04-07,74,55,81.0,3,24,0
PRJ-00289,Coal mining infra project 289,Coal,Coal mining infra,30.08,6.98,23.2,2021-09-25,2022-11-19,14,60,22.1,18,0,1
PRJ-00290,Bridges project 290,Road Transport & Highways,Bridges,7.34,4.52,61.6,2024-07-12,2027-10-25,40,26,54.3,5,15,0
PRJ-00291,Refineries project 291,Petroleum & Natural Gas,Refineries,235.17,71.26,30.3,2022-04-20,2025-10-31,43,53,21.1,9,4,1
PRJ-00292,Urban housing project 292,Housing & Urban Affairs,Urban housing,47.2,33.04,70.0,2022-06-16,2027-04-21,59,51,76.9,12,10,0
PRJ-00293,Airport terminals project 293,Civil Aviation,Airport terminals,363.45,174.09,47.9,2023-01-28,2029-07-25,79,44,52.0,9,6,0
PRJ-00294,Rural roads project 294,Rural Development,Rural roads,19.03,9.23,48.5,2023-10-17,2030-07-12,82,35,36.4,0,0,0
PRJ-00295,Smart city infra project 295,Housing & Urban Affairs,Smart city infra,7.47,2.4,32.1,2024-03-16,2029-12-15,70,30,38.0,9,53,0
PRJ-00296,Rural water supply project 296,Jal Shakti,Rural water supply,779.62,480.25,61.6,2024-06-17,2028-01-28,44,27,66.4,1,39,0
PRJ-00297,Irrigation project 297,Jal Shakti,Irrigation,37.81,21.85,57.8,2025-07-02,2028-06-16,36,14,41.8,0,4,0
PRJ-00298,Smart city infra project 298,Housing & Urban Affairs,Smart city infra,59.06,0.0,0.0,2025-07-05,2032-01-30,80,14,10.2,17,4,0
PRJ-00299,Thermal power project 299,Power,Thermal power,14.12,9.01,63.8,2025-02-07,2028-04-22,39,19,58.8,6,6,0
PRJ-00300,Airport terminals project 300,Civil Aviation,Airport terminals,16.74,1.86,11.1,2024-08-17,2031-02-12,79,25,19.8,1,40,1
PRJ-00301,Steel plant expansion project 301,Steel,Steel plant expansion,5.09,3.93,77.3,2024-08-04,2026-07-25,24,25,86.5,6,8,1
PRJ-00302,Transmission lines project 302,Power,Transmission lines,97.46,50.68,52.0,2024-07-08,2027-11-20,41,26,64.8,6,0,0
PRJ-00303,Rural roads project 303,Rural Development,Rural roads,2074.85,989.7,47.7,2025-03-04,2029-04-12,50,18,43.0,2,9,0
PRJ-00304,National highways project 304,Road Transport & Highways,National highways,41.67,24.92,59.8,2022-03-17,2028-10-11,80,54,71.5,12,47,0
PRJ-00305,Metro rail project 305,Railways,Metro rail,288.26,58.81,20.4,2024-08-22,2026-01-14,17,25,26.9,7,17,1
PRJ-00306,State highways project 306,Road Transport & Highways,State highways,91.16,86.24,94.6,2023-01-28,2027-02-06,49,44,98.0,5,17,0
PRJ-00307,Metro rail project 307,Railways,Metro rail,137.32,71.96,52.4,2022-08-08,2028-09-05,74,50,41.1,1,22,1
PRJ-00308,Rail track doubling project 308,Railways,Rail track doubling,55.93,45.69,81.7,2021-04-14,2022-05-09,13,66,84.1,5,15,1
PRJ-00309,Solar parks project 309,New & Renewable Energy,Solar parks,24.42,10.57,43.3,2024-08-01,2030-07-01,72,25,34.7,2,2,0
PRJ-00310,Airport terminals project 310,Civil Aviation,Airport terminals,33.24,27.19,81.8,2023-09-16,2028-03-23,55,36,74.6,0,1,0
PRJ-00311,Thermal power project 311,Power,Thermal power,188.77,118.36,62.7,2020-10-06,2022-03-30,18,72,52.0,8,1,1
PRJ-00312,Rural water supply project 312,Jal Shakti,Rural water supply,22.96,21.24,92.5,2020-11-25,2026-11-24,73,70,98.0,4,1,0
PRJ-00313,Rail track doubling project 313,Railways,Rail track doubling,5.69,3.85,67.6,2021-07-27,2023-03-19,20,62,58.2,0,0,1
PRJ-00314,Refineries project 314,Petroleum & Natural Gas,Refineries,54.07,30.39,56.2,2023-06-03,2025-02-22,21,40,62.5,2,31,1
PRJ-00315,Solar parks project 315,New & Renewable Energy,Solar parks,196.04,88.81,45.3,2022-08-25,2024-02-16,18,49,57.7,3,46,1
PRJ-00316,Metro rail project 316,Railways,Metro rail,7.78,4.29,55.2,2025-05-05,2032-03-29,84,16,45.2,8,7,1
PRJ-00317,Urban housing project 317,Housing & Urban Affairs,Urban housing,692.75,205.75,29.7,2025-09-13,2029-03-26,43,12,39.4,0,20,0
PRJ-00318,Rail track doubling project 318,Railways,Rail track doubling,90.7,35.46,39.1,2023-01-19,2028-05-22,65,44,30.2,5,8,1
PRJ-00319,Steel plant expansion project 319,Steel,Steel plant expansion,27.03,10.76,39.8,2022-11-02,2026-02-14,40,47,28.6,7,0,1
PRJ-00320,Port development project 320,Shipping,Port development,29.55,16.49,55.8,2024-01-17,2029-09-17,69,32,44.5,2,1,0
PRJ-00321,Coal mining infra project 321,Coal,Coal mining infra,11.59,5.61,48.4,2024-07-06,2029-12-07,66,26,46.5,14,6,0
PRJ-00322,Urban housing project 322,Housing & Urban Affairs,Urban housing,49.69,31.55,63.5,2022-12-28,2024-07-20,19,45,43.7,26,5,1
PRJ-00323,Steel plant expansion project 323,Steel,Steel plant expansion,423.93,325.15,76.7,2020-10-17,2022-10-07,24,72,64.3,0,40,1
PRJ-00324,Transmission lines project 324,Power,Transmission lines,16.91,16.81,99.4,2022-09-02,2025-11-15,39,49,98.0,0,5,0
PRJ-00325,Rural water supply project 325,Jal Shakti,Rural water supply,66.73,14.55,21.8,2022-06-23,2024-04-13,22,51,34.0,4,5,1
PRJ-00326,Thermal power project 326,Power,Thermal power,332.17,291.31,87.7,2024-10-31,2027-08-17,34,22,66.7,15,25,0
PRJ-00327,Optical fibre network project 327,Telecommunications,Optical fibre network,159.43,53.25,33.4,2025-10-04,2028-05-21,32,11,42.4,7,16,0
PRJ-00328,National highways project 328,Road Transport & Highways,National highways,269.81,146.51,54.3,2023-11-21,2029-07-22,69,34,55.8,4,4,0
PRJ-00329,Steel plant expansion project 329,Steel,Steel plant expansion,32.87,27.41,83.4,2023-07-18,2027-07-27,49,38,88.5,0,0,0
PRJ-00330,State highways project 330,Road Transport & Highways,State highways,9.18,2.08,22.7,2024-11-17,2028-10-27,48,22,49.1,0,6,0
PRJ-00331,Urban housing project 331,Housing & Urban Affairs,Urban housing,1535.18,1347.89,87.8,2022-03-28,2027-12-27,70,54,82.3,0,13,0
PRJ-00332,Bridges project 332,Road Transport & Highways,Bridges,262.35,262.09,99.9,2022-04-29,2025-09-10,41,53,98.0,11,3,0
PRJ-00333,Rural water supply project 333,Jal Shakti,Rural water supply,76.13,37.15,48.8,2021-10-05,2024-10-19,37,60,48.3,3,22,1
PRJ-00334,Gas pipelines project 334,Petroleum & Natural Gas,Gas pipelines,159.38,27.57,17.3,2025-07-14,2032-03-09,81,14,19.1,4,3,0
PRJ-00335,Irrigation project 335,Jal Shakti,Irrigation,58.31,58.48,100.3,2022-07-19,2025-02-03,31,50,98.0,11,39,0
PRJ-00336,Rural water supply project 336,Jal Shakti,Rural water supply,51.04,21.39,41.9,2021-07-18,2024-01-04,30,62,51.8,2,18,1
PRJ-00337,Bridges project 337,Road Transport & Highways,Bridges,15.72,5.93,37.7,2025-11-04,2028-07-21,33,10,47.9,13,3,0
PRJ-00338,Urban housing project 338,Housing & Urban Affairs,Urban housing,152.94,106.75,69.8,2022-11-04,2029-09-28,84,47,63.6,2,0,0
PRJ-00339,Urban housing project 339,Housing & Urban Affairs,Urban housing,22.52,22.47,99.8,2023-09-19,2025-12-07,27,36,98.0,1,8,0
PRJ-00340,Coal mining infra project 340,Coal,Coal mining infra,33.48,26.48,79.1,2022-04-26,2026-06-04,50,53,98.0,2,6,0
PRJ-00341,Refineries project 341,Petroleum & Natural Gas,Refineries,10.47,10.88,103.9,2020-11-22,2024-09-02,46,70,98.0,0,38,0
PRJ-00342,Port development project 342,Shipping,Port development,70.98,41.31,58.2,2023-02-25,2029-04-24,75,43,56.6,2,11,0
PRJ-00343,Coal mining infra project 343,Coal,Coal mining infra,116.01,95.36,82.2,2025-09-23,2027-02-15,17,11,84.1,11,3,0
PRJ-00344,Gas pipelines project 344,Petroleum & Natural Gas,Gas pipelines,407.57,427.95,105.0,2022-01-22,2026-05-31,53,56,98.0,1,0,0
PRJ-00345,Steel plant expansion project 345,Steel,Steel plant expansion,13.12,13.21,100.7,2024-10-10,2026-01-03,15,23,98.0,3,6,0
PRJ-00346,Bridges project 346,Road Transport & Highways,Bridges,65.0,9.16,14.1,2024-11-23,2026-01-17,14,22,29.8,8,30,1
PRJ-00347,Irrigation canals project 347,Agriculture,Irrigation canals,28.67,30.1,105.0,2021-07-28,2025-05-08,46,62,98.0,3,18,0
PRJ-00348,Solar parks project 348,New & Renewable Energy,Solar parks,113.12,22.4,19.8,2025-12-14,2028-09-29,34,9,25.8,3,30,0
PRJ-00349,Airport terminals project 349,Civil Aviation,Airport terminals,67.94,29.76,43.8,2023-04-09,2028-11-08,68,41,36.9,1,36,1
PRJ-00350,Rural water supply project 350,Jal Shakti,Rural water supply,9.0,3.15,35.0,2025-02-28,2030-08-31,67,18,25.4,6,5,0
PRJ-00351,Mineral exploration project 351,Mines,Mineral exploration,52.15,40.21,77.1,2021-08-12,2027-09-10,74,62,77.2,12,10,0
PRJ-00352,Bridges project 352,Road Transport & Highways,Bridges,32.59,17.04,52.3,2023-07-18,2028-02-22,56,38,45.2,15,6,1
PRJ-00353,Gas pipelines project 353,Petroleum & Natural Gas,Gas pipelines,117.66,90.72,77.1,2024-04-23,2028-08-30,53,29,65.2,3,1,0
PRJ-00354,Irrigation canals project 354,Agriculture,Irrigation canals,76.89,19.61,25.5,2025-08-04,2028-03-21,32,13,51.1,2,0,0
PRJ-00355,Smart city infra project 355,Housing & Urban Affairs,Smart city infra,16.23,7.64,47.1,2023-11-14,2030-01-11,75,34,58.6,2,16,1
PRJ-00356,Urban housing project 356,Housing & Urban Affairs,Urban housing,48.07,47.45,98.7,2022-06-19,2027-08-22,63,51,92.9,2,2,0
PRJ-00357,Optical fibre network project 357,Telecommunications,Optical fibre network,184.64,47.64,25.8,2025-12-21,2031-09-21,70,8,11.6,13,10,0
PRJ-00358,Bridges project 358,Road Transport & Highways,Bridges,30.63,19.76,64.5,2024-05-31,2028-01-11,44,27,70.2,6,10,0
PRJ-00359,Smart city infra project 359,Housing & Urban Affairs,Smart city infra,155.34,41.48,26.7,2025-07-12,2030-09-14,63,14,24.2,2,8,0
PRJ-00360,Port development project 360,Shipping,Port development,5.0,3.83,76.6,2021-07-21,2022-07-16,12,62,66.6,21,7,1
PRJ-00361,Irrigation canals project 361,Agriculture,Irrigation canals,89.94,77.17,85.8,2021-04-21,2027-12-16,81,65,92.0,10,2,0
PRJ-00362,Coal mining infra project 362,Coal,Coal mining infra,12.32,12.94,105.0,2023-11-11,2025-05-04,18,34,98.0,30,9,0
PRJ-00363,Transmission lines project 363,Power,Transmission lines,66.2,59.45,89.8,2023-04-10,2028-01-14,58,41,81.3,3,5,0
PRJ-00364,Steel plant expansion project 364,Steel,Steel plant expansion,61.66,59.87,97.1,2021-12-08,2028-02-05,75,58,83.9,2,40,0
PRJ-00365,Mineral exploration project 365,Mines,Mineral exploration,67.3,62.39,92.7,2023-09-13,2025-03-06,18,36,98.0,10,9,0
PRJ-00366,Transmission lines project 366,Power,Transmission lines,18.26,2.78,15.2,2024-09-06,2031-06-02,82,24,25.3,16,24,0
PRJ-00367,Metro rail project 367,Railways,Metro rail,264.52,266.11,100.6,2020-12-23,2024-12-02,48,69,98.0,2,28,0
PRJ-00368,Coal mining infra project 368,Coal,Coal mining infra,73.02,60.46,82.8,2021-03-29,2027-04-27,74,66,98.0,2,4,0
PRJ-00369,Rail track doubling project 369,Railways,Rail track doubling,29.43,0.79,2.7,2026-01-06,2029-06-19,42,8,19.8,0,13,0
PRJ-00370,Thermal power project 370,Power,Thermal power,38.02,23.0,60.5,2024-06-08,2031-03-04,82,27,49.0,3,12,0
PRJ-00371,National highways project 371,Road Transport & Highways,National highways,41.78,23.56,56.4,2023-01-30,2028-05-03,64,44,66.0,11,6,0
PRJ-00372,Bridges project 372,Road Transport & Highways,Bridges,11.86,8.21,69.2,2024-12-01,2027-01-20,26,21,75.3,28,14,1
PRJ-00373,Coal mining infra project 373,Coal,Coal mining infra,6.05,1.74,28.8,2020-11-13,2023-02-01,27,71,43.3,4,3,1
PRJ-00374,Mineral exploration project 374,Mines,Mineral exploration,228.83,228.6,99.9,2021-07-06,2024-01-22,31,63,98.0,27,1,0
PRJ-00375,Airport terminals project 375,Civil Aviation,Airport terminals,587.27,291.87,49.7,2020-12-12,2024-12-21,49,70,61.2,8,14,1
PRJ-00376,Port development project 376,Shipping,Port development,8.61,8.68,100.8,2022-03-23,2026-01-01,46,54,98.0,2,10,0
PRJ-00377,Gas pipelines project 377,Petroleum & Natural Gas,Gas pipelines,260.22,50.74,19.5,2021-07-01,2027-06-30,73,63,14.4,4,7,1
PRJ-00378,Airport terminals project 378,Civil Aviation,Airport terminals,57.82,17.06,29.5,2024-10-23,2030-07-24,70,23,30.9,14,16,0
PRJ-00379,Optical fibre network project 379,Telecommunications,Optical fibre network,56.21,33.16,59.0,2025-05-14,2030-05-18,61,16,45.2,2,12,0
PRJ-00380,Transmission lines project 380,Power,Transmission lines,190.53,196.63,103.2,2021-01-04,2027-05-03,77,69,97.5,0,0,0
PRJ-00381,Metro rail project 381,Railways,Metro rail,24.07,8.79,36.5,2021-05-02,2022-12-23,20,65,43.7,2,15,1
PRJ-00382,Rural water supply project 382,Jal Shakti,Rural water supply,544.28,557.89,102.5,2021-11-05,2027-03-09,65,59,98.0,0,20,0
PRJ-00383,Smart city infra project 383,Housing & Urban Affairs,Smart city infra,73.61,77.29,105.0,2020-12-09,2027-03-08,76,70,98.0,1,8,0
PRJ-00384,Rural water supply project 384,Jal Shakti,Rural water supply,52.43,7.03,13.4,2021-07-30,2022-07-25,12,62,10.6,20,5,1
PRJ-00385,Urban housing project 385,Housing & Urban Affairs,Urban housing,98.98,103.83,104.9,2022-02-09,2026-03-20,50,56,98.0,12,14,0
PRJ-00386,Solar parks project 386,New & Renewable Energy,Solar parks,8.17,3.73,45.6,2022-12-05,2029-01-02,74,46,63.3,8,0,0
PRJ-00387,Metro rail project 387,Railways,Metro rail,68.92,41.7,60.5,2023-09-04,2030-03-31,80,36,46.1,0,12,0
PRJ-00388,Airport terminals project 388,Civil Aviation,Airport terminals,26.87,12.23,45.5,2024-03-30,2028-09-05,54,30,55.9,1,25,1
PRJ-00389,Optical fibre network project 389,Telecommunications,Optical fibre network,140.02,83.45,59.6,2021-11-25,2028-07-21,81,58,67.9,0,8,0
PRJ-00390,Refineries project 390,Petroleum & Natural Gas,Refineries,5.0,3.98,79.6,2023-08-17,2027-12-24,53,37,69.5,3,29,0
PRJ-00391,Transmission lines project 391,Power,Transmission lines,56.65,50.7,89.5,2020-09-05,2024-02-17,42,73,98.0,3,9,0
PRJ-00392,Solar parks project 392,New & Renewable Energy,Solar parks,10.8,9.29,86.0,2024-01-12,2027-05-26,41,32,84.4,15,16,0
PRJ-00393,Gas pipelines project 393,Petroleum & Natural Gas,Gas pipelines,966.33,170.07,17.6,2025-12-07,2030-03-16,52,9,26.8,1,3,0
PRJ-00394,Airport terminals project 394,Civil Aviation,Airport terminals,77.15,33.64,43.6,2022-03-23,2027-02-25,60,54,39.4,1,5,1
PRJ-00395,Refineries project 395,Petroleum & Natural Gas,Refineries,50.29,46.47,92.4,2022-06-16,2025-01-01,31,51,98.0,5,2,0
PRJ-00396,Airport terminals project 396,Civil Aviation,Airport terminals,77.19,37.44,48.5,2020-10-08,2022-01-31,16,72,71.8,6,14,1
PRJ-00397,Metro rail project 397,Railways,Metro rail,21.57,19.61,90.9,2023-05-13,2027-10-19,54,40,81.7,5,9,0
PRJ-00398,Rail track doubling project 398,Railways,Rail track doubling,92.52,83.18,89.9,2021-04-11,2026-11-11,68,66,98.0,0,2,0
PRJ-00399,Rail track doubling project 399,Railways,Rail track doubling,203.57,126.42,62.1,2023-03-25,2028-12-23,70,42,62.6,1,18,0
PRJ-00400,National highways project 400,Road Transport & Highways,National highways,62.84,65.98,105.0,2022-02-16,2024-08-04,30,55,98.0,6,0,0
PRJ-00401,Gas pipelines project 401,Petroleum & Natural Gas,Gas pipelines,96.05,100.85,105.0,2021-04-18,2023-11-04,31,65,98.0,14,4,0
PRJ-00402,Bridges project 402,Road Transport & Highways,Bridges,48.88,48.34,98.9,2023-07-19,2027-03-30,45,38,88.7,1,0,0
PRJ-00403,Smart city infra project 403,Housing & Urban Affairs,Smart city infra,333.18,131.61,39.5,2022-09-07,2027-10-11,62,49,62.0,18,41,1
PRJ-00404,Mineral exploration project 404,Mines,Mineral exploration,85.54,31.22,36.5,2025-09-23,2030-03-01,54,11,23.0,0,70,0
PRJ-00405,Irrigation canals project 405,Agriculture,Irrigation canals,5.82,4.63,79.5,2021-05-12,2027-12-07,80,65,81.3,1,5,0
PRJ-00406,Refineries project 406,Petroleum & Natural Gas,Refineries,658.65,691.58,105.0,2020-10-29,2025-02-05,52,71,98.0,8,0,0
PRJ-00407,Mineral exploration project 407,Mines,Mineral exploration,145.25,99.79,68.7,2022-02-24,2028-03-24,74,55,54.1,6,18,1
PRJ-00408,Optical fibre network project 408,Telecommunications,Optical fibre network,177.06,121.99,68.9,2025-12-23,2027-08-15,20,8,53.6,5,16,0
PRJ-00409,Irrigation project 409,Jal Shakti,Irrigation,37.49,37.9,101.1,2022-08-22,2026-08-01,48,49,98.0,17,10,0
PRJ-00410,Irrigation project 410,Jal Shakti,Irrigation,184.82,158.58,85.8,2021-12-28,2023-11-18,23,57,98.0,6,15,0
PRJ-00411,Gas pipelines project 411,Petroleum & Natural Gas,Gas pipelines,22.16,5.21,23.5,2020-09-10,2022-08-31,24,73,37.6,3,28,1
PRJ-00412,Mineral exploration project 412,Mines,Mineral exploration,11.2,10.51,93.8,2022-03-26,2024-03-15,24,54,98.0,0,12,0
PRJ-00413,Coal mining infra project 413,Coal,Coal mining infra,28.36,13.02,45.9,2025-03-31,2029-05-09,50,17,40.4,9,4,0
PRJ-00414,National highways project 414,Road Transport & Highways,National highways,23.04,3.69,16.0,2025-12-02,2030-04-10,53,9,9.8,9,13,0
PRJ-00415,State highways project 415,Road Transport & Highways,State highways,136.73,64.67,47.3,2024-07-14,2029-03-20,57,26,52.7,11,5,0
PRJ-00416,Rural roads project 416,Rural Development,Rural roads,36.67,15.84,43.2,2023-10-06,2026-03-24,30,35,38.3,2,9,1
PRJ-00417,Irrigation project 417,Jal Shakti,Irrigation,75.49,56.84,75.3,2023-03-15,2028-06-16,64,42,68.0,3,27,0
PRJ-00418,Solar parks project 418,New & Renewable Energy,Solar parks,36.24,21.78,60.1,2022-05-10,2025-03-25,35,53,68.2,6,19,1
PRJ-00419,Thermal power project 419,Power,Thermal power,17.78,18.46,103.8,2025-03-13,2027-01-02,22,18,89.5,0,4,0
PRJ-00420,Steel plant expansion project 420,Steel,Steel plant expansion,13.99,14.59,104.3,2021-04-18,2026-03-23,60,65,98.0,0,0,0
PRJ-00421,Steel plant expansion project 421,Steel,Steel plant expansion,110.26,115.77,105.0,2022-05-07,2025-10-18,42,53,98.0,6,10,0
PRJ-00422,Airport terminals project 422,Civil Aviation,Airport terminals,664.74,403.5,60.7,2021-01-22,2023-07-11,30,68,59.1,3,31,1
PRJ-00423,Irrigation project 423,Jal Shakti,Irrigation,107.55,110.78,103.0,2023-08-05,2027-03-17,44,37,94.1,1,10,0
PRJ-00424,Coal mining infra project 424,Coal,Coal mining infra,61.19,58.99,96.4,2024-09-30,2025-10-25,13,23,98.0,8,2,0
PRJ-00425,Coal mining infra project 425,Coal,Coal mining infra,855.22,796.21,93.1,2021-02-15,2025-01-25,48,68,98.0,9,12,0
PRJ-00426,Irrigation canals project 426,Agriculture,Irrigation canals,13.9,14.28,102.7,2023-02-11,2025-09-28,32,43,98.0,9,2,0
PRJ-00427,Bridges project 427,Road Transport & Highways,Bridges,502.91,378.19,75.2,2023-09-14,2028-04-20,56,36,69.6,14,8,0
PRJ-00428,Solar parks project 428,New & Renewable Energy,Solar parks,15.89,8.47,53.3,2024-07-02,2029-12-03,66,26,45.6,6,10,0
PRJ-00429,Rural water supply project 429,Jal Shakti,Rural water supply,36.4,26.57,73.0,2023-08-14,2027-09-22,50,37,80.6,0,25,0
PRJ-00430,Transmission lines project 430,Power,Transmission lines,102.67,50.92,49.6,2024-01-09,2030-01-07,73,32,47.5,1,16,0
PRJ-00431,Rail track doubling project 431,Railways,Rail track doubling,213.57,124.51,58.3,2024-11-06,2029-10-11,60,22,50.1,47,43,1
PRJ-00432,Solar parks project 432,New & Renewable Energy,Solar parks,314.27,226.59,72.1,2024-03-01,2028-03-10,49,30,69.0,0,33,0
PRJ-00433,Urban housing project 433,Housing & Urban Affairs,Urban housing,51.03,0.0,0.0,2026-01-21,2031-02-24,62,7,14.9,0,3,0
PRJ-00434,Rural water supply project 434,Jal Shakti,Rural water supply,7.29,0.0,0.0,2026-02-18,2033-01-12,84,7,5.2,12,1,0
PRJ-00435,Irrigation canals project 435,Agriculture,Irrigation canals,24.51,12.57,51.3,2021-10-25,2023-04-18,18,59,56.9,8,1,1
PRJ-00436,Steel plant expansion project 436,Steel,Steel plant expansion,209.67,10.69,5.1,2021-12-31,2028-02-28,75,57,6.6,1,9,1
PRJ-00437,Urban housing project 437,Housing & Urban Affairs,Urban housing,41.78,36.77,88.0,2021-10-30,2025-03-13,41,59,98.0,6,3,0
PRJ-00438,Steel plant expansion project 438,Steel,Steel plant expansion,22.18,16.59,74.8,2021-09-06,2026-05-13,57,61,98.0,4,15,0
PRJ-00439,Irrigation project 439,Jal Shakti,Irrigation,722.22,568.39,78.7,2022-08-11,2025-07-26,36,49,98.0,12,21,0
PRJ-00440,Steel plant expansion project 440,Steel,Steel plant expansion,14.3,6.15,43.0,2024-10-09,2027-02-26,29,23,57.7,5,21,0
PRJ-00441,Mineral exploration project 441,Mines,Mineral exploration,229.73,209.74,91.3,2025-08-20,2027-01-12,17,13,94.0,4,1,0
PRJ-00442,Urban housing project 442,Housing & Urban Affairs,Urban housing,93.74,84.37,90.0,2021-10-03,2027-05-05,68,60,83.4,6,9,0
PRJ-00443,State highways project 443,Road Transport & Highways,State highways,454.87,323.87,71.2,2022-12-06,2027-09-11,58,46,79.6,1,2,0
PRJ-00444,Metro rail project 444,Railways,Metro rail,118.46,40.87,34.5,2025-09-03,2029-09-12,49,12,30.0,2,1,0
PRJ-00445,Smart city infra project 445,Housing & Urban Affairs,Smart city infra,324.84,229.01,70.5,2021-12-27,2027-04-30,65,57,68.6,3,19,1
PRJ-00446,Thermal power project 446,Power,Thermal power,131.11,103.45,78.9,2025-01-19,2027-05-09,28,20,73.5,1,3,0
PRJ-00447,Optical fibre network project 447,Telecommunications,Optical fibre network,133.66,0.0,0.0,2021-04-07,2026-01-11,58,66,3.3,11,1,1
PRJ-00448,Port development project 448,Shipping,Port development,195.95,155.58,79.4,2023-05-14,2027-02-22,46,40,86.7,0,28,0
PRJ-00449,Thermal power project 449,Power,Thermal power,5.0,0.55,10.9,2024-09-26,2030-09-25,73,24,15.9,11,10,0
PRJ-00450,Urban housing project 450,Housing & Urban Affairs,Urban housing,305.87,66.99,21.9,2021-12-29,2026-07-06,55,57,33.0,1,8,1
PRJ-00451,Rail track doubling project 451,Railways,Rail track doubling,181.03,37.11,20.5,2023-07-21,2025-04-11,21,38,3.3,5,21,1
PRJ-00452,Metro rail project 452,Railways,Metro rail,8.85,7.89,89.1,2021-12-13,2025-03-27,40,57,98.0,0,3,0
PRJ-00453,Irrigation canals project 453,Agriculture,Irrigation canals,38.82,36.1,93.0,2022-02-12,2027-03-18,62,55,89.4,12,17,0
PRJ-00454,Optical fibre network project 454,Telecommunications,Optical fibre network,177.74,171.16,96.3,2024-02-16,2026-01-06,23,31,98.0,6,0,0
PRJ-00455,Refineries project 455,Petroleum & Natural Gas,Refineries,75.75,30.68,40.5,2026-02-06,2029-10-18,45,7,41.1,11,39,1
PRJ-00456,Optical fibre network project 456,Telecommunications,Optical fibre network,128.64,34.86,27.1,2025-06-26,2031-03-27,70,14,15.6,2,22,0
PRJ-00457,Rural roads project 457,Rural Development,Rural roads,20.99,22.04,105.0,2022-05-29,2026-02-07,45,52,98.0,2,55,0
PRJ-00458,Solar parks project 458,New & Renewable Energy,Solar parks,16.2,6.51,40.2,2024-01-16,2028-11-20,59,32,52.7,0,21,0
PRJ-00459,Rail track doubling project 459,Railways,Rail track doubling,153.33,61.33,40.0,2022-05-24,2025-10-05,41,52,51.5,0,1,1
PRJ-00460,Airport terminals project 460,Civil Aviation,Airport terminals,62.07,17.07,27.5,2026-01-14,2032-11-08,83,8,31.2,5,16,0
PRJ-00461,Smart city infra project 461,Housing & Urban Affairs,Smart city infra,122.32,128.44,105.0,2021-01-17,2024-05-01,40,68,98.0,18,6,0
PRJ-00462,Mineral exploration project 462,Mines,Mineral exploration,46.94,4.79,10.2,2025-10-28,2031-08-28,71,10,15.1,9,5,0
PRJ-00463,Urban housing project 463,Housing & Urban Affairs,Urban housing,327.02,233.17,71.3,2022-07-16,2027-10-18,64,50,68.6,1,8,0
PRJ-00464,Rail track doubling project 464,Railways,Rail track doubling,183.91,68.78,37.4,2025-05-24,2026-10-16,17,16,47.5,4,27,1
PRJ-00465,State highways project 465,Road Transport & Highways,State highways,344.75,192.37,55.8,2024-06-21,2030-08-19,75,27,43.1,8,12,0
PRJ-00466,Rail track doubling project 466,Railways,Rail track doubling,50.31,29.88,59.4,2025-08-19,2029-01-30,42,13,54.3,3,1,1
PRJ-00467,Optical fibre network project 467,Telecommunications,Optical fibre network,15.34,7.32,47.7,2025-06-02,2030-06-06,61,15,41.7,1,0,0
PRJ-00468,Coal mining infra project 468,Coal,Coal mining infra,115.62,18.38,15.9,2024-02-06,2030-10-02,81,31,10.1,0,33,1
PRJ-00469,Gas pipelines project 469,Petroleum & Natural Gas,Gas pipelines,5.58,3.1,55.6,2022-11-20,2025-06-07,31,46,36.7,0,3,1
PRJ-00470,Gas pipelines project 470,Petroleum & Natural Gas,Gas pipelines,10.58,6.13,57.9,2022-07-04,2024-06-23,24,51,53.6,6,7,1
PRJ-00471,Airport terminals project 471,Civil Aviation,Airport terminals,12.51,4.94,39.5,2022-09-23,2027-12-26,64,48,67.8,13,22,0
PRJ-00472,Rural water supply project 472,Jal Shakti,Rural water supply,32.39,0.0,0.0,2025-12-29,2030-11-03,59,8,12.2,13,4,0
PRJ-00473,Transmission lines project 473,Power,Transmission lines,85.42,0.0,0.0,2023-09-10,2029-04-11,68,36,2.0,6,2,1
PRJ-00474,Irrigation project 474,Jal Shakti,Irrigation,82.17,74.69,90.9,2021-05-20,2026-02-23,58,64,98.0,6,1,0
PRJ-00475,Rail track doubling project 475,Railways,Rail track doubling,147.42,57.2,38.8,2020-09-05,2025-07-11,59,73,59.3,8,6,1
PRJ-00476,Optical fibre network project 476,Telecommunications,Optical fibre network,112.65,107.13,95.1,2021-02-14,2025-10-21,57,68,98.0,7,5,0
PRJ-00477,State highways project 477,Road Transport & Highways,State highways,636.14,108.14,17.0,2023-12-12,2027-10-22,47,33,21.0,8,2,1
PRJ-00478,Transmission lines project 478,Power,Transmission lines,14.02,4.14,29.5,2020-10-01,2022-12-20,27,72,45.3,16,15,1
PRJ-00479,Coal mining infra project 479,Coal,Coal mining infra,89.38,48.0,53.7,2025-08-31,2028-11-13,39,12,37.4,7,13,0
PRJ-00480,Mineral exploration project 480,Mines,Mineral exploration,552.41,334.21,60.5,2022-08-05,2023-09-29,14,50,48.0,13,22,1
PRJ-00481,State highways project 481,Road Transport & Highways,State highways,5.17,5.43,105.0,2021-10-07,2026-03-15,54,60,98.0,19,8,0
PRJ-00482,Irrigation project 482,Jal Shakti,Irrigation,159.94,44.78,28.0,2025-06-22,2032-05-16,84,15,34.9,3,5,0
PRJ-00483,Transmission lines project 483,Power,Transmission lines,258.33,55.28,21.4,2025-10-17,2032-07-12,82,11,12.8,23,55,0
PRJ-00484,Transmission lines project 484,Power,Transmission lines,73.37,63.47,86.5,2022-11-22,2026-02-04,39,46,98.0,8,3,0
PRJ-00485,Irrigation project 485,Jal Shakti,Irrigation,119.8,100.39,83.8,2024-05-03,2026-10-20,30,28,95.9,4,16,0
PRJ-00486,Steel plant expansion project 486,Steel,Steel plant expansion,22.36,2.71,12.1,2026-03-01,2030-01-09,47,6,8.7,0,3,0
PRJ-00487,Metro rail project 487,Railways,Metro rail,126.29,27.03,21.4,2025-06-13,2032-02-07,81,15,8.2,20,0,0
PRJ-00488,Rural water supply project 488,Jal Shakti,Rural water supply,52.61,22.04,41.9,2021-09-13,2024-06-29,34,60,46.9,12,6,1
PRJ-00489,Rail track doubling project 489,Railways,Rail track doubling,70.37,36.45,51.8,2022-06-22,2023-09-15,15,51,54.5,2,5,1
PRJ-00490,Metro rail project 490,Railways,Metro rail,29.39,5.64,19.2,2026-02-04,2030-10-11,57,7,12.6,4,3,0
PRJ-00491,Irrigation project 491,Jal Shakti,Irrigation,57.75,37.42,64.8,2022-11-17,2027-03-26,53,46,68.5,3,4,0
PRJ-00492,National highways project 492,Road Transport & Highways,National highways,159.98,91.19,57.0,2025-03-15,2028-11-24,45,18,49.9,1,2,0
PRJ-00493,State highways project 493,Road Transport & Highways,State highways,36.71,9.76,26.6,2025-06-20,2030-10-22,65,15,25.0,3,0,0
PRJ-00494,Port development project 494,Shipping,Port development,511.9,388.53,75.9,2025-07-17,2027-03-09,20,14,79.2,1,27,0
PRJ-00495,Airport terminals project 495,Civil Aviation,Airport terminals,18.12,14.82,81.8,2023-08-31,2028-06-05,58,37,76.6,4,13,0
PRJ-00496,Port development project 496,Shipping,Port development,40.93,35.45,86.6,2022-11-07,2024-11-26,25,46,98.0,1,3,0
PRJ-00497,Coal mining infra project 497,Coal,Coal mining infra,212.9,179.69,84.4,2023-05-10,2026-08-22,40,40,90.6,16,6,1
PRJ-00498,Steel plant expansion project 498,Steel,Steel plant expansion,6.13,1.8,29.4,2025-12-08,2032-05-05,78,9,24.0,6,9,0
PRJ-00499,Urban housing project 499,Housing & Urban Affairs,Urban housing,19.34,13.05,67.5,2023-08-11,2024-11-03,15,37,63.0,11,4,1
PRJ-00500,State highways project 500,Road Transport & Highways,State highways,215.32,153.74,71.4,2023-06-30,2028-09-01,63,39,53.1,7,3,0
PRJ-00501,Gas pipelines project 501,Petroleum & Natural Gas,Gas pipelines,25.64,20.36,79.4,2022-05-01,2024-05-20,25,53,72.4,9,2,1
PRJ-00502,Airport terminals project 502,Civil Aviation,Airport terminals,269.01,168.13,62.5,2022-03-09,2027-10-09,68,55,83.6,0,31,0
PRJ-00503,Bridges project 503,Road Transport & Highways,Bridges,38.73,16.54,42.7,2021-02-19,2022-12-11,22,67,23.6,0,9,1
PRJ-00504,Smart city infra project 504,Housing & Urban Affairs,Smart city infra,32.8,34.44,105.0,2022-10-08,2025-03-26,30,48,98.0,8,8,0
PRJ-00505,Bridges project 505,Road Transport & Highways,Bridges,7.62,2.52,33.1,2025-06-21,2029-05-01,47,15,40.4,19,4,0
PRJ-00506,Steel plant expansion project 506,Steel,Steel plant expansion,790.0,677.82,85.8,2022-08-18,2029-05-13,82,49,74.2,18,35,0
PRJ-00507,Smart city infra project 507,Housing & Urban Affairs,Smart city infra,21.21,9.35,44.1,2024-01-16,2030-07-13,79,32,43.6,8,15,0
PRJ-00508,Urban housing project 508,Housing & Urban Affairs,Urban housing,303.25,153.14,50.5,2023-08-20,2029-11-16,76,37,47.6,6,6,0
PRJ-00509,Steel plant expansion project 509,Steel,Steel plant expansion,209.73,84.52,40.3,2023-10-07,2025-09-26,24,35,26.7,1,3,1
PRJ-00510,Rail track doubling project 510,Railways,Rail track doubling,68.88,72.32,105.0,2021-05-25,2028-02-18,82,64,87.9,15,1,0
PRJ-00511,Transmission lines project 511,Power,Transmission lines,5.0,2.55,51.0,2023-10-08,2029-06-08,69,35,53.1,7,4,0
PRJ-00512,Irrigation project 512,Jal Shakti,Irrigation,64.01,46.34,72.4,2023-11-10,2028-05-17,55,34,62.3,6,4,0
PRJ-00513,Coal mining infra project 513,Coal,Coal mining infra,589.52,289.45,49.1,2023-12-11,2029-04-13,65,33,58.5,9,1,0
PRJ-00514,Rail track doubling project 514,Railways,Rail track doubling,633.76,359.34,56.7,2024-06-04,2029-11-05,66,27,45.9,9,15,0
PRJ-00515,Smart city infra project 515,Housing & Urban Affairs,Smart city infra,14.35,10.99,76.6,2022-06-13,2026-01-23,44,51,86.7,0,22,1
PRJ-00516,Rural roads project 516,Rural Development,Rural roads,45.38,40.21,88.6,2020-10-31,2023-05-19,31,71,95.0,26,9,1
PRJ-00517,Irrigation canals project 517,Agriculture,Irrigation canals,86.05,88.46,102.8,2021-01-01,2026-12-01,72,69,98.0,6,0,0
PRJ-00518,Bridges project 518,Road Transport & Highways,Bridges,864.48,593.03,68.6,2025-09-01,2027-06-23,22,12,66.2,2,19,0
PRJ-00519,Bridges project 519,Road Transport & Highways,Bridges,526.78,508.34,96.5,2023-10-04,2025-09-23,24,35,98.0,3,14,0
PRJ-00520,Rural roads project 520,Rural Development,Rural roads,5.0,1.8,35.9,2021-08-17,2023-12-05,28,61,37.5,19,17,1
PRJ-00521,Optical fibre network project 521,Telecommunications,Optical fibre network,17.56,5.39,30.7,2025-11-04,2032-08-29,83,10,14.8,9,6,0
PRJ-00522,Optical fibre network project 522,Telecommunications,Optical fibre network,88.54,82.43,93.1,2024-04-30,2026-07-19,27,28,98.0,27,8,0
PRJ-00523,Gas pipelines project 523,Petroleum & Natural Gas,Gas pipelines,120.98,29.4,24.3,2024-03-12,2029-08-13,66,30,41.2,48,1,0
PRJ-00524,State highways project 524,Road Transport & Highways,State highways,50.54,45.59,90.2,2020-09-30,2024-09-09,48,72,98.0,3,0,0
PRJ-00525,Steel plant expansion project 525,Steel,Steel plant expansion,112.24,92.15,82.1,2024-06-05,2029-02-09,57,27,64.0,1,6,0
PRJ-00526,Rail track doubling project 526,Railways,Rail track doubling,22.57,7.9,35.0,2022-12-09,2029-03-07,76,45,28.2,3,0,1
PRJ-00527,Transmission lines project 527,Power,Transmission lines,1112.73,350.51,31.5,2025-04-24,2031-04-23,73,17,37.1,16,9,0
PRJ-00528,Irrigation project 528,Jal Shakti,Irrigation,78.34,19.74,25.2,2021-06-05,2023-06-25,25,64,29.6,19,1,1
PRJ-00529,Rural roads project 529,Rural Development,Rural roads,866.36,875.89,101.1,2021-06-09,2028-04-03,83,64,86.2,0,21,0
PRJ-00530,Rural roads project 530,Rural Development,Rural roads,62.83,23.94,38.1,2025-07-14,2029-05-24,47,14,29.1,7,33,0
PRJ-00531,Solar parks project 531,New & Renewable Energy,Solar parks,117.54,65.23,55.5,2024-11-28,2030-05-01,66,21,35.0,6,19,0
PRJ-00532,Optical fibre network project 532,Telecommunications,Optical fibre network,30.97,30.01,96.9,2020-09-18,2027-07-14,83,72,81.6,1,0,0
PRJ-00533,National highways project 533,Road Transport & Highways,National highways,198.93,193.36,97.2,2022-10-06,2026-07-17,46,48,98.0,3,20,0
PRJ-00534,National highways project 534,Road Transport & Highways,National highways,101.86,57.45,56.4,2025-03-02,2028-12-11,46,18,54.3,3,11,0
PRJ-00535,Urban housing project 535,Housing & Urban Affairs,Urban housing,122.3,128.42,105.0,2021-01-04,2025-07-12,55,69,98.0,4,2,0
PRJ-00536,Rural roads project 536,Rural Development,Rural roads,279.72,219.58,78.5,2026-02-22,2029-01-07,35,6,73.0,1,8,1
PRJ-00537,Metro rail project 537,Railways,Metro rail,164.68,113.96,69.2,2023-01-02,2028-03-06,63,45,73.3,0,2,0
PRJ-00538,Bridges project 538,Road Transport & Highways,Bridges,33.13,29.59,89.3,2025-05-20,2026-08-13,15,16,92.7,4,21,0
PRJ-00539,Bridges project 539,Road Transport & Highways,Bridges,68.34,66.9,97.9,2021-12-29,2028-06-25,79,57,78.9,0,25,1
PRJ-00540,Transmission lines project 540,Power,Transmission lines,135.78,126.41,93.1,2024-01-26,2029-05-29,65,32,87.1,0,0,1
PRJ-00541,Coal mining infra project 541,Coal,Coal mining infra,36.93,13.07,35.4,2024-04-07,2026-11-23,32,29,46.0,1,3,1
PRJ-00542,Rural roads project 542,Rural Development,Rural roads,100.98,51.1,50.6,2024-06-06,2028-10-13,53,27,49.6,1,0,0
PRJ-00543,Solar parks project 543,New & Renewable Energy,Solar parks,298.77,111.14,37.2,2022-11-01,2024-08-22,22,47,37.8,4,4,1
PRJ-00544,State highways project 544,Road Transport & Highways,State highways,76.98,31.79,41.3,2025-04-22,2027-12-08,32,17,47.0,10,1,0
PRJ-00545,Steel plant expansion project 545,Steel,Steel plant expansion,127.11,65.97,51.9,2025-11-25,2027-09-16,22,9,52.4,9,0,0
PRJ-00546,Rural water supply project 546,Jal Shakti,Rural water supply,20.76,12.48,60.1,2023-09-11,2029-02-11,66,36,63.6,12,21,0
PRJ-00547,Airport terminals project 547,Civil Aviation,Airport terminals,34.73,25.28,72.8,2022-10-10,2028-05-11,68,47,78.1,4,4,0
PRJ-00548,Gas pipelines project 548,Petroleum & Natural Gas,Gas pipelines,32.45,24.21,74.6,2024-08-24,2027-11-07,39,25,71.8,6,0,0
PRJ-00549,Port development project 549,Shipping,Port development,23.71,2.16,9.1,2025-07-16,2030-02-20,56,14,34.0,4,67,0
PRJ-00550,Gas pipelines project 550,Petroleum & Natural Gas,Gas pipelines,111.94,37.39,33.4,2025-07-22,2029-07-01,48,14,45.1,4,7,0
PRJ-00551,Irrigation canals project 551,Agriculture,Irrigation canals,6.16,3.82,62.0,2022-05-17,2028-06-14,74,52,74.4,7,9,0
PRJ-00552,Port development project 552,Shipping,Port development,10.85,6.82,62.9,2022-06-09,2026-08-17,51,52,69.1,10,9,1
PRJ-00553,State highways project 553,Road Transport & Highways,State highways,209.19,123.63,59.1,2024-12-10,2030-01-13,62,21,44.4,6,8,0
PRJ-00554,Steel plant expansion project 554,Steel,Steel plant expansion,39.74,29.73,74.8,2025-11-14,2026-11-09,12,10,73.6,4,0,0
PRJ-00555,Transmission lines project 555,Power,Transmission lines,6.1,3.6,59.0,2024-06-27,2027-09-10,39,27,57.8,10,2,1
PRJ-00556,Metro rail project 556,Railways,Metro rail,20.93,15.26,72.9,2021-11-22,2025-07-04,44,58,98.0,7,27,0
PRJ-00557,Urban housing project 557,Housing & Urban Affairs,Urban housing,89.82,94.31,105.0,2024-05-04,2026-07-23,27,28,98.0,17,16,0
PRJ-00558,National highways project 558,Road Transport & Highways,National highways,80.45,41.99,52.2,2023-05-23,2028-11-22,67,40,59.7,1,4,0
PRJ-00559,Thermal power project 559,Power,Thermal power,1055.96,186.9,17.7,2025-06-15,2030-05-20,60,15,30.6,4,2,0
PRJ-00560,Optical fibre network project 560,Telecommunications,Optical fibre network,26.19,21.87,83.5,2022-03-26,2025-08-07,41,54,71.7,13,19,1
PRJ-00561,Port development project 561,Shipping,Port development,1332.39,1125.87,84.5,2023-01-17,2027-09-23,57,44,74.4,8,25,0
PRJ-00562,Bridges project 562,Road Transport & Highways,Bridges,46.54,26.3,56.5,2023-12-14,2025-05-07,17,33,45.0,1,13,1
PRJ-00563,Gas pipelines project 563,Petroleum & Natural Gas,Gas pipelines,184.34,1.47,0.8,2026-01-27,2031-10-28,70,7,5.0,11,45,0
PRJ-00564,Bridges project 564,Road Transport & Highways,Bridges,138.05,144.95,105.0,2021-05-06,2025-08-13,52,65,98.0,2,40,0
PRJ-00565,Solar parks project 565,New & Renewable Energy,Solar parks,18.51,9.83,53.1,2023-10-09,2028-12-11,63,35,49.6,8,8,0
PRJ-00566,Mineral exploration project 566,Mines,Mineral exploration,27.29,15.34,56.2,2023-11-02,2027-11-11,49,34,70.4,8,3,0
PRJ-00567,Rail track doubling project 567,Railways,Rail track doubling,144.8,81.23,56.1,2023-11-28,2025-01-21,14,34,53.4,19,22,1
PRJ-00568,Smart city infra project 568,Housing & Urban Affairs,Smart city infra,9.39,2.24,23.9,2025-03-20,2030-12-19,70,18,28.4,0,4,0
PRJ-00569,Rural roads project 569,Rural Development,Rural roads,93.34,29.59,31.7,2025-09-07,2031-03-10,67,12,26.2,2,1,0
PRJ-00570,Rail track doubling project 570,Railways,Rail track doubling,102.61,58.69,57.2,2024-10-24,2030-04-26,67,23,57.1,9,8,0
PRJ-00571,Solar parks project 571,New & Renewable Energy,Solar parks,41.76,18.25,43.7,2023-12-07,2030-06-03,79,33,56.3,12,16,0
PRJ-00572,Bridges project 572,Road Transport & Highways,Bridges,192.85,169.71,88.0,2023-12-17,2028-02-24,51,33,76.5,1,3,0
PRJ-00573,Smart city infra project 573,Housing & Urban Affairs,Smart city infra,61.31,32.25,52.6,2024-12-08,2029-05-16,54,21,53.4,0,5,0
PRJ-00574,Thermal power project 574,Power,Thermal power,103.6,39.47,38.1,2025-10-01,2032-01-28,77,11,20.0,6,11,0
PRJ-00575,Mineral exploration project 575,Mines,Mineral exploration,350.03,150.86,43.1,2025-07-16,2032-01-11,79,14,32.5,14,5,0
PRJ-00576,Port development project 576,Shipping,Port development,106.68,44.17,41.4,2025-02-02,2029-09-09,56,19,39.5,0,11,0
PRJ-00577,Rural roads project 577,Rural Development,Rural roads,20.26,9.72,48.0,2022-02-06,2024-07-25,30,56,34.5,22,1,1
PRJ-00578,Irrigation project 578,Jal Shakti,Irrigation,68.79,17.13,24.9,2025-08-08,2028-01-25,30,13,37.4,29,8,0
PRJ-00579,Rural water supply project 579,Jal Shakti,Rural water supply,248.75,145.02,58.3,2025-01-26,2027-11-12,34,19,59.4,5,13,0
PRJ-00580,Steel plant expansion project 580,Steel,Steel plant expansion,8.85,7.12,80.5,2025-04-27,2027-01-17,21,16,85.3,4,12,0
PRJ-00581,Thermal power project 581,Power,Thermal power,14.02,11.92,85.0,2020-11-04,2027-01-02,75,71,83.5,2,10,0
PRJ-00582,Coal mining infra project 582,Coal,Coal mining infra,66.45,39.01,58.7,2021-12-12,2028-11-05,84,58,62.8,20,0,0
PRJ-00583,Solar parks project 583,New & Renewable Energy,Solar parks,26.34,13.99,53.1,2023-08-30,2030-07-24,84,37,51.4,1,6,1
PRJ-00584,Mineral exploration project 584,Mines,Mineral exploration,69.69,73.17,105.0,2022-08-13,2026-12-20,53,49,98.0,3,1,0
PRJ-00585,Mineral exploration project 585,Mines,Mineral exploration,339.91,356.91,105.0,2024-05-28,2026-12-14,31,28,96.2,3,23,0
PRJ-00586,Coal mining infra project 586,Coal,Coal mining infra,50.59,3.04,6.0,2025-10-18,2031-09-17,72,11,22.3,35,58,0
PRJ-00587,Coal mining infra project 587,Coal,Coal mining infra,18.77,17.36,92.5,2022-08-21,2026-09-29,50,49,98.0,0,4,0
PRJ-00588,Rural water supply project 588,Jal Shakti,Rural water supply,16.73,6.09,36.4,2022-11-11,2024-06-03,19,46,49.7,2,4,1
PRJ-00589,Rural roads project 589,Rural Development,Rural roads,6.17,5.99,97.1,2023-05-02,2025-01-21,21,41,98.0,16,1,0
PRJ-00590,Urban housing project 590,Housing & Urban Affairs,Urban housing,16.89,10.12,59.9,2023-08-04,2029-04-04,69,38,57.0,3,12,0
PRJ-00591,State highways project 591,Road Transport & Highways,State highways,84.38,18.99,22.5,2025-11-10,2030-09-15,59,10,26.6,0,2,0
PRJ-00592,Urban housing project 592,Housing & Urban Affairs,Urban housing,513.28,199.15,38.8,2025-09-30,2027-08-21,23,11,47.7,21,4,0
PRJ-00593,Steel plant expansion project 593,Steel,Steel plant expansion,10.97,7.11,64.8,2022-11-06,2029-02-02,76,47,59.7,6,4,0
PRJ-00594,Refineries project 594,Petroleum & Natural Gas,Refineries,436.86,177.37,40.6,2023-08-02,2030-04-27,82,38,52.6,10,1,0
PRJ-00595,State highways project 595,Road Transport & Highways,State highways,12.89,12.48,96.8,2023-08-28,2026-08-12,36,37,98.0,0,2,0
PRJ-00596,Smart city infra project 596,Housing & Urban Affairs,Smart city infra,137.62,103.35,75.1,2022-10-14,2028-09-12,72,47,80.8,1,5,0
PRJ-00597,Port development project 597,Shipping,Port development,14.45,14.85,102.8,2025-05-02,2026-11-23,19,16,98.0,1,0,0
PRJ-00598,Coal mining infra project 598,Coal,Coal mining infra,13.14,2.65,20.2,2025-08-07,2030-02-12,55,13,31.0,8,20,0
PRJ-00599,Bridges project 599,Road Transport & Highways,Bridges,18.95,9.65,50.9,2023-05-08,2026-02-21,34,40,64.6,1,11,1
PRJ-00600,State highways project 600,Road Transport & Highways,State highways,18.53,9.01,48.6,2024-10-15,2030-05-17,68,23,50.1,13,2,0
PRJ-00601,Coal mining infra project 601,Coal,Coal mining infra,359.56,195.6,54.4,2023-03-29,2029-08-24,78,42,55.9,0,11,0
PRJ-00602,Steel plant expansion project 602,Steel,Steel plant expansion,30.4,8.33,27.4,2025-04-15,2030-01-19,58,17,30.0,0,29,0
PRJ-00603,Rural roads project 603,Rural Development,Rural roads,66.08,69.38,105.0,2021-01-12,2024-12-22,48,69,98.0,1,25,0
PRJ-00604,Refineries project 604,Petroleum & Natural Gas,Refineries,497.12,229.17,46.1,2023-11-20,2028-05-27,55,34,40.1,1,5,1
PRJ-00605,Irrigation canals project 605,Agriculture,Irrigation canals,25.5,25.6,100.4,2022-10-29,2024-04-21,18,47,98.0,24,0,0
PRJ-00606,Mineral exploration project 606,Mines,Mineral exploration,48.79,50.89,104.3,2022-07-20,2026-12-26,54,50,96.4,2,5,0
PRJ-00607,Bridges project 607,Road Transport & Highways,Bridges,61.36,34.61,56.4,2024-04-30,2026-04-20,24,28,47.9,5,17,1
PRJ-00608,Optical fibre network project 608,Telecommunications,Optical fibre network,33.0,30.49,92.4,2022-05-17,2027-05-21,61,52,98.0,4,33,0
PRJ-00609,Urban housing project 609,Housing & Urban Affairs,Urban housing,408.09,299.54,73.4,2024-10-06,2027-04-24,31,23,74.7,13,6,0
PRJ-00610,Smart city infra project 610,Housing & Urban Affairs,Smart city infra,32.44,8.82,27.2,2025-09-21,2028-03-09,30,12,22.3,11,16,1
PRJ-00611,Rural roads project 611,Rural Development,Rural roads,10.59,3.78,35.7,2024-06-09,2029-07-13,62,27,36.6,2,41,0
PRJ-00612,Metro rail project 612,Railways,Metro rail,21.13,7.02,33.2,2022-11-04,2024-08-25,22,47,24.7,18,7,1
PRJ-00613,Urban housing project 613,Housing & Urban Affairs,Urban housing,47.4,32.61,68.8,2023-01-17,2027-12-22,60,44,64.2,0,9,1
PRJ-00614,Mineral exploration project 614,Mines,Mineral exploration,123.48,129.65,105.0,2021-09-27,2026-03-05,54,60,98.0,7,12,0
PRJ-00615,Metro rail project 615,Railways,Metro rail,42.34,17.83,42.1,2022-06-03,2028-11-28,79,52,66.0,13,23,0
PRJ-00616,Bridges project 616,Road Transport & Highways,Bridges,202.24,165.23,81.7,2022-07-22,2027-12-23,66,50,78.1,0,6,0
PRJ-00617,Port development project 617,Shipping,Port development,130.31,119.75,91.9,2024-02-24,2025-04-19,14,31,98.0,6,0,0
PRJ-00618,Rural roads project 618,Rural Development,Rural roads,151.29,130.26,86.1,2024-06-12,2027-04-28,35,27,86.9,15,15,0
PRJ-00619,Transmission lines project 619,Power,Transmission lines,71.1,25.88,36.4,2024-04-06,2030-05-05,74,29,32.8,2,4,1
PRJ-00620,Transmission lines project 620,Power,Transmission lines,1686.58,998.46,59.2,2024-11-28,2027-04-17,29,21,74.2,7,42,1
PRJ-00621,Metro rail project 621,Railways,Metro rail,105.89,22.77,21.5,2025-09-29,2029-10-08,49,11,32.0,11,11,0
PRJ-00622,Rail track doubling project 622,Railways,Rail track doubling,48.22,8.53,17.7,2023-05-02,2029-12-26,81,41,16.8,6,19,1
PRJ-00623,Port development project 623,Shipping,Port development,812.8,106.48,13.1,2025-12-19,2030-06-26,55,9,5.6,4,32,0
PRJ-00624,Steel plant expansion project 624,Steel,Steel plant expansion,67.09,16.3,24.3,2025-06-11,2030-05-16,60,15,29.8,3,4,0
PRJ-00625,Metro rail project 625,Railways,Metro rail,564.75,282.94,50.1,2025-04-08,2028-02-22,35,17,45.4,5,11,1
PRJ-00626,Steel plant expansion project 626,Steel,Steel plant expansion,58.56,14.41,24.6,2021-08-23,2024-05-09,33,61,30.7,4,8,1
PRJ-00627,Coal mining infra project 627,Coal,Coal mining infra,18.53,6.97,37.6,2025-12-07,2031-03-11,64,9,43.4,0,22,1
PRJ-00628,Rural roads project 628,Rural Development,Rural roads,33.88,35.57,105.0,2022-05-21,2025-11-01,42,52,98.0,0,4,0
PRJ-00629,Coal mining infra project 629,Coal,Coal mining infra,27.6,23.46,85.0,2022-10-03,2026-09-12,48,48,77.0,3,4,1
PRJ-00630,Coal mining infra project 630,Coal,Coal mining infra,25.86,3.44,13.3,2024-11-12,2031-06-09,80,22,24.8,5,31,0
PRJ-00631,Irrigation project 631,Jal Shakti,Irrigation,64.78,21.12,32.6,2024-06-11,2030-05-11,72,27,29.6,19,5,0
PRJ-00632,Transmission lines project 632,Power,Transmission lines,85.66,48.06,56.1,2024-02-12,2029-09-13,68,31,72.4,5,0,1
PRJ-00633,Coal mining infra project 633,Coal,Coal mining infra,121.31,95.47,78.7,2021-11-12,2025-10-22,48,58,74.2,6,6,1
PRJ-00634,Refineries project 634,Petroleum & Natural Gas,Refineries,102.27,45.82,44.8,2023-05-12,2029-11-06,79,40,52.5,18,2,0
PRJ-00635,Gas pipelines project 635,Petroleum & Natural Gas,Gas pipelines,85.3,42.14,49.4,2020-10-05,2023-05-23,32,72,56.4,9,7,1
PRJ-00636,Transmission lines project 636,Power,Transmission lines,138.67,28.43,20.5,2021-09-08,2024-01-26,29,61,21.5,0,50,1
PRJ-00637,Rural water supply project 637,Jal Shakti,Rural water supply,40.25,5.23,13.0,2025-11-20,2031-11-19,73,10,32.1,1,0,0
PRJ-00638,Rural roads project 638,Rural Development,Rural roads,61.78,55.23,89.4,2023-01-26,2025-02-14,25,44,98.0,13,29,0
PRJ-00639,Port development project 639,Shipping,Port development,293.37,308.04,105.0,2021-05-28,2023-08-16,27,64,98.0,1,33,0
PRJ-00640,Urban housing project 640,Housing & Urban Affairs,Urban housing,20.39,11.38,55.8,2025-09-16,2028-05-03,32,12,47.7,9,0,0
PRJ-00641,Rural water supply project 641,Jal Shakti,Rural water supply,9.48,6.9,72.8,2023-08-29,2029-12-25,77,37,63.9,2,45,0
PRJ-00642,Metro rail project 642,Railways,Metro rail,322.4,266.62,82.7,2021-07-09,2027-01-09,67,63,93.6,4,16,0
PRJ-00643,Bridges project 643,Road Transport & Highways,Bridges,505.94,400.2,79.1,2020-11-14,2024-02-27,40,71,98.0,4,2,0
PRJ-00644,Coal mining infra project 644,Coal,Coal mining infra,14.79,15.53,105.0,2021-03-21,2025-10-26,56,66,98.0,0,6,0
PRJ-00645,National highways project 645,Road Transport & Highways,National highways,25.64,20.28,79.1,2023-11-08,2025-05-01,18,34,66.4,5,0,1
PRJ-00646,Refineries project 646,Petroleum & Natural Gas,Refineries,81.47,64.85,79.6,2023-05-13,2028-03-17,59,40,74.8,4,10,0
PRJ-00647,Irrigation project 647,Jal Shakti,Irrigation,109.48,106.31,97.1,2024-01-06,2025-10-27,22,32,98.0,4,14,0
PRJ-00648,Rural roads project 648,Rural Development,Rural roads,24.64,24.94,101.2,2024-12-02,2026-02-25,15,21,98.0,6,21,0
PRJ-00649,Smart city infra project 649,Housing & Urban Affairs,Smart city infra,28.65,6.07,21.2,2020-12-16,2022-12-06,24,70,39.6,28,23,1
PRJ-00650,Mineral exploration project 650,Mines,Mineral exploration,19.36,20.33,105.0,2024-04-19,2026-10-06,30,29,98.0,1,3,0
PRJ-00651,Metro rail project 651,Railways,Metro rail,35.54,9.52,26.8,2025-12-18,2029-11-27,48,9,23.7,22,2,0
PRJ-00652,Airport terminals project 652,Civil Aviation,Airport terminals,58.64,61.57,105.0,2022-04-11,2024-08-28,29,54,98.0,9,2,0
PRJ-00653,Airport terminals project 653,Civil Aviation,Airport terminals,35.79,12.92,36.1,2023-08-31,2024-08-25,12,37,36.7,5,18,1
PRJ-00654,Bridges project 654,Road Transport & Highways,Bridges,54.17,13.81,25.5,2026-01-27,2029-09-08,44,7,28.1,6,26,0
PRJ-00655,Transmission lines project 655,Power,Transmission lines,277.69,287.96,103.7,2021-06-30,2024-01-16,31,63,98.0,20,3,0
PRJ-00656,Optical fibre network project 656,Telecommunications,Optical fibre network,7.84,6.96,88.8,2020-11-27,2027-05-25,79,70,87.3,2,2,0
PRJ-00657,Gas pipelines project 657,Petroleum & Natural Gas,Gas pipelines,126.76,33.84,26.7,2025-07-22,2029-07-01,48,14,32.1,2,40,0
PRJ-00658,Irrigation project 658,Jal Shakti,Irrigation,54.19,53.21,98.2,2024-06-28,2026-09-16,27,27,98.0,6,3,0
PRJ-00659,State highways project 659,Road Transport & Highways,State highways,745.19,174.37,23.4,2024-11-03,2030-03-07,65,22,41.4,10,9,0
PRJ-00660,Mineral exploration project 660,Mines,Mineral exploration,14.46,14.11,97.6,2021-09-23,2027-06-24,70,60,98.0,30,3,0
PRJ-00661,Bridges project 661,Road Transport & Highways,Bridges,757.08,187.0,24.7,2025-07-22,2031-09-19,75,14,11.1,5,17,0
PRJ-00662,Steel plant expansion project 662,Steel,Steel plant expansion,39.84,23.27,58.4,2023-03-05,2024-04-28,14,43,43.3,3,18,1
PRJ-00663,Mineral exploration project 663,Mines,Mineral exploration,6.08,5.02,82.6,2023-04-16,2026-09-27,42,41,98.0,13,3,0
PRJ-00664,Metro rail project 664,Railways,Metro rail,5.0,2.74,54.9,2024-07-18,2029-12-19,66,26,52.9,27,10,0
PRJ-00665,National highways project 665,Road Transport & Highways,National highways,22.49,21.21,94.3,2022-09-24,2027-05-31,57,48,97.2,0,3,0
PRJ-00666,Irrigation project 666,Jal Shakti,Irrigation,25.14,13.35,53.1,2022-12-24,2028-04-26,65,45,59.1,18,8,0
PRJ-00667,Thermal power project 667,Power,Thermal power,15.52,5.77,37.2,2022-06-15,2024-04-05,22,51,42.4,10,5,1
PRJ-00668,Port development project 668,Shipping,Port development,58.78,45.14,76.8,2020-09-17,2025-06-23,58,73,98.0,3,10,0
PRJ-00669,Bridges project 669,Road Transport & Highways,Bridges,301.03,113.49,37.7,2020-10-31,2027-04-28,79,71,35.8,7,10,1
PRJ-00670,Optical fibre network project 670,Telecommunications,Optical fibre network,22.84,12.4,54.3,2023-05-02,2029-07-29,76,41,42.2,14,2,1
PRJ-00671,Optical fibre network project 671,Telecommunications,Optical fibre network,320.09,2.24,0.7,2026-01-24,2031-01-28,61,7,8.6,6,2,0
PRJ-00672,Airport terminals project 672,Civil Aviation,Airport terminals,569.48,121.87,21.4,2025-12-07,2030-12-11,61,9,22.1,1,37,0
PRJ-00673,Rural roads project 673,Rural Development,Rural roads,29.4,8.35,28.4,2024-10-03,2025-11-27,14,23,45.9,0,18,1
PRJ-00674,Rural roads project 674,Rural Development,Rural roads,76.11,73.29,96.3,2021-10-04,2023-05-27,20,60,98.0,3,14,0
PRJ-00675,Rural roads project 675,Rural Development,Rural roads,64.99,63.24,97.3,2024-10-29,2026-11-18,25,22,86.9,3,20,0
PRJ-00676,Solar parks project 676,New & Renewable Energy,Solar parks,36.4,38.22,105.0,2022-01-21,2026-06-29,54,56,98.0,10,29,0
PRJ-00677,Metro rail project 677,Railways,Metro rail,123.34,2.22,1.8,2025-12-06,2030-08-12,57,9,5.0,6,10,0
PRJ-00678,Optical fibre network project 678,Telecommunications,Optical fibre network,83.2,61.4,73.8,2024-04-12,2027-01-27,34,29,74.6,7,2,0
PRJ-00679,Irrigation canals project 679,Agriculture,Irrigation canals,5.0,3.38,67.5,2023-07-29,2029-07-27,73,38,60.3,2,1,0
PRJ-00680,Mineral exploration project 680,Mines,Mineral exploration,155.13,108.9,70.2,2025-02-26,2027-07-16,29,18,65.7,11,10,1
PRJ-00681,Bridges project 681,Road Transport & Highways,Bridges,30.7,10.38,33.8,2022-03-01,2027-11-30,70,55,31.6,6,6,1
PRJ-00682,State highways project 682,Road Transport & Highways,State highways,111.62,84.5,75.7,2024-07-14,2027-07-29,37,26,71.3,1,1,0
PRJ-00683,State highways project 683,Road Transport & Highways,State highways,5.0,4.99,99.8,2021-09-28,2024-10-12,37,60,98.0,0,11,0
PRJ-00684,State highways project 684,Road Transport & Highways,State highways,39.33,28.55,72.6,2024-05-29,2028-08-06,51,28,68.9,3,14,0
PRJ-00685,Port development project 685,Shipping,Port development,101.66,29.38,28.9,2023-12-12,2030-08-07,81,33,38.5,2,32,0
PRJ-00686,Airport terminals project 686,Civil Aviation,Airport terminals,179.89,188.88,105.0,2024-10-04,2026-01-27,16,23,98.0,29,1,0
PRJ-00687,Mineral exploration project 687,Mines,Mineral exploration,56.67,32.7,57.7,2025-02-08,2029-01-18,48,19,48.9,0,7,0
PRJ-00688,Rural roads project 688,Rural Development,Rural roads,58.23,61.14,105.0,2021-05-06,2022-10-28,18,65,98.0,5,8,0
PRJ-00689,Mineral exploration project 689,Mines,Mineral exploration,42.26,37.02,87.6,2024-04-26,2028-02-05,46,29,78.1,3,3,0
PRJ-00690,Rail track doubling project 690,Railways,Rail track doubling,24.78,16.75,67.6,2021-09-11,2026-07-17,59,61,65.0,8,26,1
PRJ-00691,Gas pipelines project 691,Petroleum & Natural Gas,Gas pipelines,6.58,6.91,105.0,2021-03-11,2026-05-14,63,67,98.0,0,6,0
PRJ-00692,Coal mining infra project 692,Coal,Coal mining infra,99.89,52.44,52.5,2021-02-28,2026-03-04,61,67,40.7,1,5,1
PRJ-00693,Smart city infra project 693,Housing & Urban Affairs,Smart city infra,21.29,6.41,30.1,2020-09-19,2023-08-05,35,72,35.1,11,2,1
PRJ-00694,Airport terminals project 694,Civil Aviation,Airport terminals,78.36,32.13,41.0,2022-04-19,2028-06-16,75,53,46.9,14,20,1
PRJ-00695,Rural roads project 695,Rural Development,Rural roads,14.82,15.56,105.0,2020-12-30,2027-05-28,78,69,98.0,7,16,0
PRJ-00696,Rural water supply project 696,Jal Shakti,Rural water supply,16.87,7.54,44.7,2021-09-08,2023-06-30,22,61,52.7,3,23,1
PRJ-00697,Gas pipelines project 697,Petroleum & Natural Gas,Gas pipelines,76.68,49.31,64.3,2025-09-26,2031-03-29,67,11,51.5,1,11,1
PRJ-00698,Steel plant expansion project 698,Steel,Steel plant expansion,167.23,104.18,62.3,2021-07-26,2024-06-10,35,62,57.8,14,4,1
PRJ-00699,Optical fibre network project 699,Telecommunications,Optical fibre network,10.88,2.61,24.0,2024-07-13,2028-11-19,53,26,21.1,25,14,1
PRJ-00700,Rail track doubling project 700,Railways,Rail track doubling,33.31,6.13,18.4,2025-09-24,2030-01-31,53,11,22.1,5,17,0
PRJ-00701,Irrigation canals project 701,Agriculture,Irrigation canals,209.66,97.91,46.7,2024-07-09,2028-09-16,51,26,51.3,1,13,0
PRJ-00702,Coal mining infra project 702,Coal,Coal mining infra,448.96,348.39,77.6,2022-10-19,2028-03-21,66,47,78.0,2,4,0
PRJ-00703,Thermal power project 703,Power,Thermal power,19.17,16.29,85.0,2022-04-24,2027-11-24,68,53,81.2,6,27,0
PRJ-00704,Rural roads project 704,Rural Development,Rural roads,97.64,47.75,48.9,2023-09-03,2025-01-25,17,36,44.0,19,34,1
PRJ-00705,Rural roads project 705,Rural Development,Rural roads,14.25,9.42,66.1,2022-09-24,2028-03-26,67,48,75.2,1,19,0
PRJ-00706,Rural water supply project 706,Jal Shakti,Rural water supply,15.08,8.94,59.3,2022-08-05,2024-02-26,19,50,71.9,0,9,1
PRJ-00707,Bridges project 707,Road Transport & Highways,Bridges,309.26,118.76,38.4,2022-06-01,2027-08-04,63,52,43.9,7,26,1
PRJ-00708,Rural roads project 708,Rural Development,Rural roads,324.73,255.89,78.8,2023-04-21,2025-12-06,32,41,66.8,38,46,1
PRJ-00709,National highways project 709,Road Transport & Highways,National highways,175.07,60.4,34.5,2025-05-18,2030-12-18,68,16,26.8,0,11,0
PRJ-00710,State highways project 710,Road Transport & Highways,State highways,7.11,5.69,80.0,2025-06-21,2027-02-11,20,15,81.1,2,16,0
PRJ-00711,Irrigation project 711,Jal Shakti,Irrigation,58.52,61.45,105.0,2021-10-24,2026-07-30,58,59,98.0,2,3,0
PRJ-00712,Rural roads project 712,Rural Development,Rural roads,439.14,160.29,36.5,2024-01-12,2030-12-06,84,32,48.7,1,6,0
PRJ-00713,State highways project 713,Road Transport & Highways,State highways,20.8,19.2,92.3,2022-10-14,2025-05-01,31,47,98.0,0,88,0
PRJ-00714,Irrigation canals project 714,Agriculture,Irrigation canals,27.32,20.87,76.4,2023-08-28,2028-07-02,59,37,67.8,8,19,0
PRJ-00715,Rural roads project 715,Rural Development,Rural roads,30.71,29.42,95.8,2023-09-09,2025-05-31,21,36,98.0,2,5,0
PRJ-00716,Solar parks project 716,New & Renewable Energy,Solar parks,69.17,13.56,19.6,2025-05-29,2031-11-24,79,15,21.3,4,0,0
PRJ-00717,Rural roads project 717,Rural Development,Rural roads,87.56,69.08,78.9,2023-12-12,2028-03-20,52,33,67.0,21,14,0
PRJ-00718,Mineral exploration project 718,Mines,Mineral exploration,24.52,13.61,55.5,2024-08-13,2028-02-24,43,25,61.6,3,9,0
PRJ-00719,Rail track doubling project 719,Railways,Rail track doubling,65.99,29.23,44.3,2026-01-12,2028-11-27,35,8,31.2,13,26,0
PRJ-00720,Airport terminals project 720,Civil Aviation,Airport terminals,631.98,376.66,59.6,2023-04-11,2028-04-14,61,41,66.3,7,15,0
PRJ-00721,Optical fibre network project 721,Telecommunications,Optical fibre network,72.83,30.95,42.5,2025-07-08,2029-03-19,45,14,47.6,1,1,0
PRJ-00722,Rural water supply project 722,Jal Shakti,Rural water supply,14.55,10.51,72.2,2022-03-26,2027-11-25,69,54,78.1,5,7,1
PRJ-00723,Transmission lines project 723,Power,Transmission lines,21.04,19.08,90.7,2022-09-30,2026-09-09,48,48,98.0,13,11,0
PRJ-00724,Airport terminals project 724,Civil Aviation,Airport terminals,44.74,41.97,93.8,2025-01-21,2027-04-11,27,20,74.3,2,8,0
PRJ-00725,Metro rail project 725,Railways,Metro rail,131.66,91.77,69.7,2021-05-25,2023-02-14,21,64,98.0,3,10,0
PRJ-00726,Coal mining infra project 726,Coal,Coal mining infra,647.52,106.84,16.5,2025-03-18,2030-10-18,68,18,30.2,7,3,0
PRJ-00727,Bridges project 727,Road Transport & Highways,Bridges,48.27,50.68,105.0,2021-08-20,2025-11-27,52,61,98.0,24,1,0
PRJ-00728,Irrigation canals project 728,Agriculture,Irrigation canals,23.58,24.74,104.9,2024-03-25,2025-11-15,20,30,98.0,7,2,0
PRJ-00729,Optical fibre network project 729,Telecommunications,Optical fibre network,169.68,146.43,86.3,2023-02-20,2027-03-01,49,43,85.9,9,50,0
PRJ-00730,Urban housing project 730,Housing & Urban Affairs,Urban housing,13.39,3.63,27.1,2021-05-28,2024-01-13,32,64,19.8,7,15,1
PRJ-00731,Mineral exploration project 731,Mines,Mineral exploration,164.12,46.61,28.4,2025-03-15,2029-12-19,58,18,34.2,7,3,0
PRJ-00732,Port development project 732,Shipping,Port development,214.18,131.72,61.5,2024-12-02,2027-02-20,27,21,77.6,1,3,0
PRJ-00733,Transmission lines project 733,Power,Transmission lines,59.89,41.5,69.3,2021-09-26,2024-02-13,29,60,64.0,3,1,1
PRJ-00734,Irrigation project 734,Jal Shakti,Irrigation,117.16,28.94,24.7,2021-09-30,2027-11-28,75,60,15.1,7,5,1
PRJ-00735,National highways project 735,Road Transport & Highways,National highways,158.56,78.17,49.3,2024-02-26,2030-11-21,82,31,54.1,4,7,0
PRJ-00736,Solar parks project 736,New & Renewable Energy,Solar parks,126.1,66.45,52.7,2024-02-10,2029-12-10,71,31,45.0,1,36,0
PRJ-00737,Optical fibre network project 737,Telecommunications,Optical fibre network,1487.55,901.46,60.6,2025-06-14,2027-05-05,23,15,59.5,8,13,1
PRJ-00738,Bridges project 738,Road Transport & Highways,Bridges,5.0,3.28,65.7,2024-06-11,2029-07-15,62,27,45.7,5,17,1
PRJ-00739,Airport terminals project 739,Civil Aviation,Airport terminals,14.22,11.75,82.6,2023-03-26,2028-06-27,64,42,73.0,8,2,0
PRJ-00740,Gas pipelines project 740,Petroleum & Natural Gas,Gas pipelines,68.63,37.2,54.2,2021-07-24,2023-04-15,21,62,60.4,0,20,1
PRJ-00741,Metro rail project 741,Railways,Metro rail,66.83,58.21,87.1,2020-09-22,2024-12-30,52,72,98.0,4,9,0
PRJ-00742,Mineral exploration project 742,Mines,Mineral exploration,53.8,11.78,21.9,2025-10-06,2031-06-07,69,11,25.6,15,1,0
PRJ-00743,Coal mining infra project 743,Coal,Coal mining infra,33.28,24.46,73.5,2022-05-14,2028-10-09,78,52,66.3,7,12,0
PRJ-00744,Rural roads project 744,Rural Development,Rural roads,184.11,65.54,35.6,2025-06-17,2032-03-12,82,15,25.4,16,1,0
PRJ-00745,Mineral exploration project 745,Mines,Mineral exploration,14.33,12.65,88.3,2022-11-19,2025-10-04,35,46,98.0,9,20,0
PRJ-00746,Metro rail project 746,Railways,Metro rail,68.7,39.64,57.7,2023-10-02,2029-12-29,76,36,61.0,24,8,0
PRJ-00747,State highways project 747,Road Transport & Highways,State highways,16.06,14.16,88.2,2021-07-08,2023-09-26,27,63,98.0,15,8,0
PRJ-00748,Port development project 748,Shipping,Port development,9.42,2.64,28.0,2025-04-27,2029-06-05,50,16,31.1,12,3,0
PRJ-00749,Thermal power project 749,Power,Thermal power,57.45,12.35,21.5,2025-04-09,2029-08-16,53,17,41.0,1,9,0
PRJ-00750,Irrigation project 750,Jal Shakti,Irrigation,25.12,7.16,28.5,2024-03-28,2030-08-24,78,30,36.6,26,7,0
PRJ-00751,Urban housing project 751,Housing & Urban Affairs,Urban housing,25.51,17.68,69.3,2021-06-08,2023-03-30,22,64,73.5,9,4,1
PRJ-00752,Rural water supply project 752,Jal Shakti,Rural water supply,10.96,4.6,42.0,2025-01-28,2031-10-24,82,19,37.9,10,24,1
PRJ-00753,Rural water supply project 753,Jal Shakti,Rural water supply,371.12,118.39,31.9,2025-06-23,2029-08-01,50,15,33.7,3,8,0
PRJ-00754,Steel plant expansion project 754,Steel,Steel plant expansion,161.46,125.78,77.9,2023-03-10,2025-01-28,23,42,65.1,6,54,1
PRJ-00755,Port development project 755,Shipping,Port development,206.32,129.98,63.0,2022-08-02,2025-04-18,33,50,56.8,0,8,1
PRJ-00756,Solar parks project 756,New & Renewable Energy,Solar parks,23.25,15.34,66.0,2020-11-24,2023-06-12,31,70,50.0,2,0,1
PRJ-00757,Thermal power project 757,Power,Thermal power,162.6,121.95,75.0,2022-06-26,2027-01-01,55,51,80.3,8,1,0
PRJ-00758,Solar parks project 758,New & Renewable Energy,Solar parks,97.98,79.66,81.3,2025-12-12,2027-03-07,15,9,83.7,1,35,0
PRJ-00759,Bridges project 759,Road Transport & Highways,Bridges,309.83,222.77,71.9,2025-12-03,2029-08-14,45,9,62.4,0,1,1
PRJ-00760,Mineral exploration project 760,Mines,Mineral exploration,46.58,8.24,17.7,2024-12-30,2030-05-03,65,20,24.8,2,8,0
PRJ-00761,Steel plant expansion project 761,Steel,Steel plant expansion,85.47,36.5,42.7,2022-08-06,2023-10-30,15,50,47.9,0,0,1
PRJ-00762,Airport terminals project 762,Civil Aviation,Airport terminals,70.67,55.97,79.2,2021-03-12,2027-11-06,81,67,84.1,5,4,0
PRJ-00763,Urban housing project 763,Housing & Urban Affairs,Urban housing,11.68,12.26,105.0,2022-07-31,2026-09-08,50,50,98.0,0,1,0
PRJ-00764,Airport terminals project 764,Civil Aviation,Airport terminals,118.94,55.66,46.8,2024-10-21,2029-12-24,63,23,42.9,8,2,0
PRJ-00765,Urban housing project 765,Housing & Urban Affairs,Urban housing,151.74,69.35,45.7,2023-08-21,2025-05-12,21,37,29.6,1,30,1
PRJ-00766,State highways project 766,Road Transport & Highways,State highways,27.08,1.35,5.0,2025-04-17,2030-11-17,68,17,21.9,23,0,0
PRJ-00767,Gas pipelines project 767,Petroleum & Natural Gas,Gas pipelines,16.72,11.92,71.3,2023-06-19,2029-04-18,71,39,65.3,4,1,0
PRJ-00768,Transmission lines project 768,Power,Transmission lines,11.14,11.2,100.5,2024-04-09,2026-09-26,30,29,94.5,1,5,0
PRJ-00769,Smart city infra project 769,Housing & Urban Affairs,Smart city infra,94.46,99.18,105.0,2021-05-07,2025-08-14,52,65,98.0,1,10,0
PRJ-00770,Rural roads project 770,Rural Development,Rural roads,77.2,81.06,105.0,2020-09-16,2025-11-19,63,73,98.0,1,12,0
PRJ-00771,Metro rail project 771,Railways,Metro rail,579.9,539.31,93.0,2021-11-30,2026-10-05,59,58,98.0,11,15,0
PRJ-00772,Port development project 772,Shipping,Port development,60.49,57.77,95.5,2023-01-11,2025-01-30,25,44,98.0,1,9,0
PRJ-00773,Smart city infra project 773,Housing & Urban Affairs,Smart city infra,490.21,281.38,57.4,2024-10-27,2030-08-27,71,22,45.1,14,47,1
PRJ-00774,Rail track doubling project 774,Railways,Rail track doubling,45.71,31.72,69.4,2024-09-05,2030-05-07,69,24,57.4,8,12,0
PRJ-00775,Irrigation project 775,Jal Shakti,Irrigation,25.49,21.95,86.1,2025-05-22,2027-05-12,24,16,73.6,14,17,0
PRJ-00776,State highways project 776,Road Transport & Highways,State highways,20.24,10.28,50.8,2024-07-20,2029-07-24,61,26,51.5,6,7,0
PRJ-00777,Steel plant expansion project 777,Steel,Steel plant expansion,44.06,34.68,78.7,2023-11-01,2027-05-14,43,35,81.1,24,15,0
PRJ-00778,Thermal power project 778,Power,Thermal power,255.69,268.47,105.0,2021-08-13,2025-12-20,53,62,98.0,4,7,0
PRJ-00779,Solar parks project 779,New & Renewable Energy,Solar parks,9.84,7.46,75.8,2022-02-19,2026-05-29,52,55,98.0,5,13,0
PRJ-00780,Transmission lines project 780,Power,Transmission lines,20.0,21.0,105.0,2021-11-25,2024-07-12,32,58,98.0,21,0,0
PRJ-00781,Airport terminals project 781,Civil Aviation,Airport terminals,85.66,57.82,67.5,2023-04-17,2029-02-14,71,41,61.8,6,7,0
PRJ-00782,Airport terminals project 782,Civil Aviation,Airport terminals,100.13,36.15,36.1,2021-04-01,2025-06-09,51,66,30.9,5,2,1
PRJ-00783,Airport terminals project 783,Civil Aviation,Airport terminals,6.46,3.43,53.1,2026-01-18,2027-12-09,23,8,48.2,2,6,0
PRJ-00784,Refineries project 784,Petroleum & Natural Gas,Refineries,53.24,30.83,57.9,2023-05-06,2029-02-03,70,40,57.7,31,10,0
PRJ-00785,Irrigation project 785,Jal Shakti,Irrigation,5.0,1.7,34.0,2024-12-21,2029-08-27,57,21,41.4,23,3,0
PRJ-00786,State highways project 786,Road Transport & Highways,State highways,5.0,0.56,11.3,2025-11-23,2029-11-02,48,9,23.9,6,21,0
PRJ-00787,Airport terminals project 787,Civil Aviation,Airport terminals,13.37,10.9,81.5,2022-10-30,2028-09-28,72,47,76.1,21,41,0
PRJ-00788,Urban housing project 788,Housing & Urban Affairs,Urban housing,90.22,21.47,23.8,2023-03-03,2024-03-27,13,43,39.9,6,11,1
PRJ-00789,Rail track doubling project 789,Railways,Rail track doubling,550.62,495.01,89.9,2023-10-06,2026-02-22,29,35,98.0,2,16,0
PRJ-00790,Rural water supply project 790,Jal Shakti,Rural water supply,65.43,68.7,105.0,2022-02-06,2026-11-12,58,56,98.0,3,25,0
PRJ-00791,Refineries project 791,Petroleum & Natural Gas,Refineries,103.98,90.25,86.8,2024-02-16,2025-07-10,17,31,98.0,0,8,0
PRJ-00792,Refineries project 792,Petroleum & Natural Gas,Refineries,226.33,0.0,0.0,2025-11-22,2032-10-16,84,9,7.0,4,29,1
PRJ-00793,Optical fibre network project 793,Telecommunications,Optical fibre network,69.46,18.13,26.1,2025-02-01,2029-11-07,58,19,28.3,35,35,0
PRJ-00794,Optical fibre network project 794,Telecommunications,Optical fibre network,24.43,24.16,98.9,2024-07-23,2026-04-14,21,26,98.0,7,9,0
PRJ-00795,Refineries project 795,Petroleum & Natural Gas,Refineries,18.33,17.19,93.8,2023-05-09,2029-01-07,69,40,70.6,1,41,0
PRJ-00796,Optical fibre network project 796,Telecommunications,Optical fibre network,25.63,24.4,95.2,2024-08-11,2026-10-30,27,25,98.0,6,2,0
PRJ-00797,Metro rail project 797,Railways,Metro rail,10.92,5.63,51.6,2020-09-17,2022-09-07,24,73,62.8,0,35,1
PRJ-00798,Refineries project 798,Petroleum & Natural Gas,Refineries,190.24,150.1,78.9,2024-02-01,2028-08-08,55,31,67.0,0,20,0
PRJ-00799,Optical fibre network project 799,Telecommunications,Optical fibre network,92.1,90.72,98.5,2020-11-30,2025-09-05,58,70,98.0,10,9,0
PRJ-00800,Metro rail project 800,Railways,Metro rail,91.9,33.08,36.0,2025-01-23,2031-05-22,77,20,36.1,5,5,0
PRJ-00801,Refineries project 801,Petroleum & Natural Gas,Refineries,587.2,76.34,13.0,2023-05-17,2024-10-08,17,40,17.4,7,40,1
PRJ-00802,State highways project 802,Road Transport & Highways,State highways,43.7,16.13,36.9,2025-12-17,2028-05-05,29,9,30.8,0,1,0
PRJ-00803,Smart city infra project 803,Housing & Urban Affairs,Smart city infra,46.72,42.94,91.9,2021-09-02,2027-08-02,72,61,90.9,0,23,0
PRJ-00804,Port development project 804,Shipping,Port development,43.03,45.18,105.0,2023-08-14,2026-03-01,31,37,98.0,12,3,0
PRJ-00805,Steel plant expansion project 805,Steel,Steel plant expansion,124.38,30.6,24.6,2021-03-03,2027-06-30,77,67,31.2,31,18,1
PRJ-00806,Metro rail project 806,Railways,Metro rail,38.38,20.49,53.4,2024-05-04,2028-08-11,52,28,65.2,14,26,0
PRJ-00807,Thermal power project 807,Power,Thermal power,1285.08,821.17,63.9,2023-12-23,2028-01-31,50,33,64.0,1,9,0
PRJ-00808,Solar parks project 808,New & Renewable Energy,Solar parks,14.62,10.25,70.1,2024-04-17,2030-07-15,76,29,63.6,4,0,0
PRJ-00809,Port development project 809,Shipping,Port development,187.35,34.47,18.4,2023-03-12,2029-04-09,74,42,29.7,3,2,1
PRJ-00810,Solar parks project 810,New & Renewable Energy,Solar parks,14.98,5.32,35.5,2024-07-01,2030-05-31,72,26,24.6,3,6,0
PRJ-00811,National highways project 811,Road Transport & Highways,National highways,56.69,33.84,59.7,2024-02-11,2028-07-19,54,31,64.2,0,30,0
PRJ-00812,Irrigation canals project 812,Agriculture,Irrigation canals,23.96,4.98,20.8,2025-07-25,2030-11-26,65,13,27.0,6,6,0
PRJ-00813,Solar parks project 813,New & Renewable Energy,Solar parks,29.19,27.35,93.7,2024-06-14,2025-09-07,15,27,98.0,1,5,0
PRJ-00814,Steel plant expansion project 814,Steel,Steel plant expansion,117.49,57.22,48.7,2023-07-09,2027-03-20,45,38,50.3,2,10,1
PRJ-00815,Mineral exploration project 815,Mines,Mineral exploration,1474.73,1454.08,98.6,2021-10-15,2025-02-26,41,59,98.0,3,1,0
PRJ-00816,State highways project 816,Road Transport & Highways,State highways,171.0,119.53,69.9,2022-11-27,2028-11-25,73,46,61.8,2,0,0
PRJ-00817,Thermal power project 817,Power,Thermal power,97.34,87.02,89.4,2023-03-29,2028-03-02,60,42,89.3,1,1,0
PRJ-00818,Metro rail project 818,Railways,Metro rail,39.34,36.7,93.3,2021-07-28,2025-02-07,43,62,98.0,6,14,0
PRJ-00819,State highways project 819,Road Transport & Highways,State highways,699.17,502.7,71.9,2022-12-20,2025-02-07,26,45,51.2,4,12,1
PRJ-00820,Transmission lines project 820,Power,Transmission lines,160.68,118.1,73.5,2026-01-27,2031-08-29,68,7,76.6,7,18,1
PRJ-00821,Smart city infra project 821,Housing & Urban Affairs,Smart city infra,235.96,241.15,102.2,2023-10-31,2026-05-18,31,35,98.0,2,1,0
PRJ-00822,Gas pipelines project 822,Petroleum & Natural Gas,Gas pipelines,39.6,3.76,9.5,2022-04-22,2025-06-05,38,53,14.5,1,4,1
PRJ-00823,Gas pipelines project 823,Petroleum & Natural Gas,Gas pipelines,39.01,24.5,62.8,2023-05-14,2029-04-12,72,40,70.6,6,26,0
PRJ-00824,State highways project 824,Road Transport & Highways,State highways,24.67,7.15,29.0,2022-03-22,2024-08-08,29,54,37.7,10,19,1
PRJ-00825,Port development project 825,Shipping,Port development,11.74,3.11,26.5,2025-01-06,2031-11-01,83,20,19.5,6,23,0
PRJ-00826,Smart city infra project 826,Housing & Urban Affairs,Smart city infra,283.48,166.97,58.9,2022-06-19,2028-06-17,73,51,79.7,0,0,0
PRJ-00827,Port development project 827,Shipping,Port development,28.98,24.26,83.7,2024-01-25,2028-05-03,52,32,79.5,9,13,0
PRJ-00828,Thermal power project 828,Power,Thermal power,286.32,170.93,59.7,2023-08-08,2030-03-04,80,37,45.8,2,4,0
PRJ-00829,Smart city infra project 829,Housing & Urban Affairs,Smart city infra,372.25,330.56,88.8,2023-02-12,2027-10-19,57,43,86.0,21,1,0
PRJ-00830,Irrigation canals project 830,Agriculture,Irrigation canals,180.16,173.49,96.3,2021-11-06,2025-07-18,45,59,98.0,13,6,0
PRJ-00831,Steel plant expansion project 831,Steel,Steel plant expansion,24.86,12.9,51.9,2023-06-19,2026-06-03,36,39,39.6,11,10,1
PRJ-00832,Irrigation project 832,Jal Shakti,Irrigation,47.55,22.54,47.4,2024-08-12,2031-06-07,83,25,33.7,0,3,0
PRJ-00833,Urban housing project 833,Housing & Urban Affairs,Urban housing,51.84,29.96,57.8,2024-12-01,2029-01-09,50,21,55.7,1,7,0
PRJ-00834,Urban housing project 834,Housing & Urban Affairs,Urban housing,8.23,7.92,96.2,2022-03-24,2025-05-07,38,54,98.0,6,10,0
PRJ-00835,Airport terminals project 835,Civil Aviation,Airport terminals,24.45,11.81,48.3,2024-05-26,2030-05-25,73,28,40.6,1,1,0
PRJ-00836,Rural roads project 836,Rural Development,Rural roads,103.29,91.93,89.0,2023-01-14,2026-11-24,47,44,98.0,1,7,0
PRJ-00837,Urban housing project 837,Housing & Urban Affairs,Urban housing,46.65,14.46,31.0,2025-06-30,2032-02-24,81,14,27.2,5,33,0
PRJ-00838,Refineries project 838,Petroleum & Natural Gas,Refineries,113.33,92.93,82.0,2021-02-26,2026-04-01,62,67,98.0,6,4,0
PRJ-00839,Rural roads project 839,Rural Development,Rural roads,6.37,2.35,36.9,2020-10-28,2023-04-16,30,71,46.2,26,0,1
PRJ-00840,Urban housing project 840,Housing & Urban Affairs,Urban housing,49.06,18.1,36.9,2025-12-10,2029-11-19,48,9,28.9,4,6,0
PRJ-00841,Bridges project 841,Road Transport & Highways,Bridges,13.26,2.97,22.4,2024-03-27,2029-10-27,68,30,23.1,11,3,1
PRJ-00842,Mineral exploration project 842,Mines,Mineral exploration,54.37,21.26,39.1,2024-09-27,2030-09-26,73,24,33.7,5,2,0
PRJ-00843,Transmission lines project 843,Power,Transmission lines,20.46,12.69,62.0,2025-01-17,2031-08-14,80,20,61.8,21,28,1
PRJ-00844,Rural water supply project 844,Jal Shakti,Rural water supply,39.65,29.14,73.5,2020-12-12,2027-10-07,83,70,86.5,7,7,0
PRJ-00845,Rural water supply project 845,Jal Shakti,Rural water supply,26.86,18.08,67.3,2025-05-29,2027-06-18,25,15,65.8,2,0,0
PRJ-00846,Steel plant expansion project 846,Steel,Steel plant expansion,275.82,275.82,100.0,2022-01-09,2025-06-22,42,57,98.0,2,28,0
PRJ-00847,Irrigation project 847,Jal Shakti,Irrigation,5.69,1.23,21.6,2025-11-23,2032-05-20,79,9,20.7,3,8,0
PRJ-00848,Irrigation project 848,Jal Shakti,Irrigation,87.4,83.2,95.2,2022-08-08,2025-12-20,41,50,98.0,3,2,0
PRJ-00849,State highways project 849,Road Transport & Highways,State highways,24.69,0.62,2.5,2025-08-13,2030-11-15,64,13,22.3,11,34,0
PRJ-00850,Smart city infra project 850,Housing & Urban Affairs,Smart city infra,18.66,10.43,55.9,2022-02-26,2028-01-26,72,55,80.0,5,27,0
PRJ-00851,Rail track doubling project 851,Railways,Rail track doubling,24.47,10.67,43.6,2022-05-11,2024-09-27,29,52,47.1,2,3,1
PRJ-00852,National highways project 852,Road Transport & Highways,National highways,114.91,89.29,77.7,2020-10-08,2027-07-04,82,72,87.2,5,2,0
PRJ-00853,Thermal power project 853,Power,Thermal power,178.1,72.49,40.7,2023-11-24,2029-10-23,72,34,54.8,7,11,0
PRJ-00854,Airport terminals project 854,Civil Aviation,Airport terminals,58.44,61.36,105.0,2022-07-13,2025-07-27,37,50,98.0,8,1,0
PRJ-00855,Urban housing project 855,Housing & Urban Affairs,Urban housing,17.34,11.2,64.6,2024-05-18,2028-04-27,48,28,72.1,23,8,0
PRJ-00856,Mineral exploration project 856,Mines,Mineral exploration,231.46,100.22,43.3,2025-11-05,2027-09-26,23,10,49.2,16,17,0
PRJ-00857,Mineral exploration project 857,Mines,Mineral exploration,41.04,23.8,58.0,2022-12-17,2026-04-30,41,45,41.6,17,7,1
PRJ-00858,Optical fibre network project 858,Telecommunications,Optical fibre network,149.25,77.31,51.8,2022-01-14,2023-05-09,16,56,45.8,9,6,1
PRJ-00859,Thermal power project 859,Power,Thermal power,79.39,37.31,47.0,2023-11-02,2026-08-18,34,34,36.8,2,12,1
PRJ-00860,State highways project 860,Road Transport & Highways,State highways,10.65,4.97,46.7,2021-06-28,2026-08-01,62,63,69.2,7,6,1
PRJ-00861,Airport terminals project 861,Civil Aviation,Airport terminals,166.35,57.39,34.5,2025-02-18,2029-02-27,49,19,48.3,11,32,1
PRJ-00862,State highways project 862,Road Transport & Highways,State highways,97.93,8.03,8.2,2026-02-16,2030-03-27,50,7,9.2,2,0,0
PRJ-00863,Solar parks project 863,New & Renewable Energy,Solar parks,49.64,49.94,100.6,2022-10-19,2024-11-07,25,47,98.0,21,5,0
PRJ-00864,Smart city infra project 864,Housing & Urban Affairs,Smart city infra,38.62,18.31,47.4,2024-08-01,2030-05-02,70,25,35.2,1,5,0
PRJ-00865,Mineral exploration project 865,Mines,Mineral exploration,25.29,11.76,46.5,2023-02-18,2029-08-15,79,43,52.6,2,8,0
PRJ-00866,Airport terminals project 866,Civil Aviation,Airport terminals,40.52,27.47,67.8,2021-03-11,2023-07-29,29,67,51.6,0,20,1
PRJ-00867,Port development project 867,Shipping,Port development,54.13,40.98,75.7,2023-07-22,2027-05-02,46,38,79.2,0,13,0
PRJ-00868,Transmission lines project 868,Power,Transmission lines,154.71,162.45,105.0,2021-08-23,2023-10-12,26,61,98.0,7,7,0
PRJ-00869,Smart city infra project 869,Housing & Urban Affairs,Smart city infra,940.71,240.82,25.6,2025-04-08,2031-01-07,70,17,21.5,12,32,0
PRJ-00870,Mineral exploration project 870,Mines,Mineral exploration,439.94,358.99,81.6,2024-09-26,2027-08-12,35,24,82.0,0,8,0
PRJ-00871,National highways project 871,Road Transport & Highways,National highways,64.2,25.68,40.0,2022-01-18,2026-07-26,55,56,32.5,5,27,1
PRJ-00872,Urban housing project 872,Housing & Urban Affairs,Urban housing,919.2,342.86,37.3,2022-12-30,2025-12-14,36,45,36.4,12,8,1
PRJ-00873,Thermal power project 873,Power,Thermal power,42.64,33.13,77.7,2022-10-02,2027-12-05,63,48,75.8,3,8,0
PRJ-00874,Gas pipelines project 874,Petroleum & Natural Gas,Gas pipelines,98.12,86.15,87.8,2023-04-16,2027-08-23,53,41,75.6,8,17,0
PRJ-00875,Bridges project 875,Road Transport & Highways,Bridges,28.86,24.27,84.1,2023-12-07,2025-11-26,24,33,68.7,8,4,1
PRJ-00876,Thermal power project 876,Power,Thermal power,89.28,63.75,71.4,2020-09-03,2023-01-21,29,73,68.2,1,0,1
PRJ-00877,Airport terminals project 877,Civil Aviation,Airport terminals,113.55,85.84,75.6,2024-05-13,2027-11-24,43,28,71.0,0,3,0
PRJ-00878,National highways project 878,Road Transport & Highways,National highways,125.46,63.61,50.7,2024-09-18,2029-09-22,61,24,43.0,4,2,0
PRJ-00879,Irrigation project 879,Jal Shakti,Irrigation,214.49,162.8,75.9,2023-09-04,2027-06-15,46,36,58.2,13,28,1
PRJ-00880,Smart city infra project 880,Housing & Urban Affairs,Smart city infra,75.4,22.02,29.2,2024-06-26,2025-07-21,13,27,29.5,16,3,1
PRJ-00881,Rural water supply project 881,Jal Shakti,Rural water supply,110.77,99.91,90.2,2022-07-07,2027-04-12,58,51,85.4,2,7,0
PRJ-00882,Irrigation project 882,Jal Shakti,Irrigation,147.81,59.27,40.1,2025-10-30,2028-01-18,27,10,44.8,7,3,0
PRJ-00883,Coal mining infra project 883,Coal,Coal mining infra,81.19,71.37,87.9,2024-06-16,2027-02-01,32,27,98.0,11,17,0
PRJ-00884,Refineries project 884,Petroleum & Natural Gas,Refineries,44.02,24.34,55.3,2022-05-01,2028-07-28,76,53,59.3,13,10,0
PRJ-00885,Urban housing project 885,Housing & Urban Affairs,Urban housing,30.27,29.91,98.8,2022-04-23,2024-07-11,27,53,98.0,7,23,0
PRJ-00886,Mineral exploration project 886,Mines,Mineral exploration,7.49,7.86,105.0,2021-01-15,2025-01-24,49,69,98.0,2,16,0
PRJ-00887,Rural roads project 887,Rural Development,Rural roads,62.1,51.67,83.2,2022-09-25,2026-01-07,40,48,98.0,38,3,0
PRJ-00888,Irrigation project 888,Jal Shakti,Irrigation,403.89,225.37,55.8,2020-10-23,2023-03-12,29,71,48.3,11,5,1
PRJ-00889,Airport terminals project 889,Civil Aviation,Airport terminals,1714.09,299.97,17.5,2025-04-27,2031-01-26,70,16,17.3,6,20,0
PRJ-00890,Steel plant expansion project 890,Steel,Steel plant expansion,16.29,9.46,58.1,2024-01-31,2029-06-03,65,32,53.0,11,1,0
PRJ-00891,Optical fibre network project 891,Telecommunications,Optical fibre network,18.01,3.39,18.8,2021-01-22,2026-12-22,72,68,33.7,21,5,1
PRJ-00892,Optical fibre network project 892,Telecommunications,Optical fibre network,50.68,11.0,21.7,2021-09-06,2024-11-19,39,61,21.4,1,11,1
PRJ-00893,Irrigation project 893,Jal Shakti,Irrigation,616.67,558.09,90.5,2022-05-13,2024-03-03,22,52,98.0,22,27,0
PRJ-00894,Port development project 894,Shipping,Port development,54.0,5.45,10.1,2023-09-04,2030-03-01,79,36,4.6,4,7,1
PRJ-00895,Rural roads project 895,Rural Development,Rural roads,236.48,19.86,8.4,2025-09-28,2032-08-22,84,11,18.8,8,4,0
PRJ-00896,Rail track doubling project 896,Railways,Rail track doubling,78.82,43.67,55.4,2025-10-31,2032-07-26,82,10,52.2,15,29,1
PRJ-00897,Port development project 897,Shipping,Port development,119.78,52.34,43.7,2025-01-16,2031-08-13,80,20,26.5,3,3,0
PRJ-00898,Metro rail project 898,Railways,Metro rail,139.45,14.5,10.4,2025-04-04,2029-08-11,53,17,34.5,0,5,0
PRJ-00899,Port development project 899,Shipping,Port development,79.57,50.61,63.6,2023-09-14,2025-11-02,26,36,65.5,8,4,1
PRJ-00900,Irrigation canals project 900,Agriculture,Irrigation canals,87.94,24.01,27.3,2025-01-10,2031-02-08,74,20,22.1,7,8,0
PRJ-00901,Bridges project 901,Road Transport & Highways,Bridges,6.69,6.08,90.9,2021-02-20,2027-06-19,77,67,88.9,23,1,0
PRJ-00902,Coal mining infra project 902,Coal,Coal mining infra,13.22,0.0,0.0,2021-08-23,2023-03-16,19,61,2.0,30,12,1
PRJ-00903,Coal mining infra project 903,Coal,Coal mining infra,51.7,14.89,28.8,2025-06-09,2031-10-06,77,15,20.3,2,18,0
PRJ-00904,Gas pipelines project 904,Petroleum & Natural Gas,Gas pipelines,5.6,2.81,50.1,2023-08-14,2030-07-08,84,37,30.4,3,35,1
PRJ-00905,State highways project 905,Road Transport & Highways,State highways,87.06,55.89,64.2,2023-01-17,2028-11-16,71,44,72.6,5,2,0
PRJ-00906,Irrigation canals project 906,Agriculture,Irrigation canals,10.65,10.72,100.7,2021-08-27,2025-11-04,51,61,98.0,15,3,0
PRJ-00907,National highways project 907,Road Transport & Highways,National highways,120.85,119.04,98.5,2023-12-17,2027-07-29,44,33,79.1,23,8,0
PRJ-00908,National highways project 908,Road Transport & Highways,National highways,43.45,44.49,102.4,2021-12-30,2025-03-14,39,57,98.0,5,0,0
PRJ-00909,Solar parks project 909,New & Renewable Energy,Solar parks,3743.55,2609.25,69.7,2025-10-08,2027-03-02,17,11,72.1,1,14,0
PRJ-00910,Gas pipelines project 910,Petroleum & Natural Gas,Gas pipelines,801.55,597.96,74.6,2024-03-31,2025-11-21,20,30,98.0,15,10,0
PRJ-00911,Optical fibre network project 911,Telecommunications,Optical fibre network,279.83,118.37,42.3,2025-11-03,2027-06-26,20,10,35.5,0,10,0
PRJ-00912,Airport terminals project 912,Civil Aviation,Airport terminals,55.47,23.46,42.3,2026-01-01,2029-12-11,48,8,36.3,1,4,0
PRJ-00913,Gas pipelines project 913,Petroleum & Natural Gas,Gas pipelines,30.69,18.97,61.8,2025-03-03,2027-07-21,29,18,48.2,8,3,1
PRJ-00914,Mineral exploration project 914,Mines,Mineral exploration,100.26,76.4,76.2,2020-09-10,2026-01-12,65,73,58.5,2,6,1
PRJ-00915,Rural roads project 915,Rural Development,Rural roads,13.52,11.63,86.0,2021-03-07,2026-02-09,60,67,98.0,8,6,0
PRJ-00916,Coal mining infra project 916,Coal,Coal mining infra,8.12,8.3,102.2,2021-04-21,2026-03-26,60,65,98.0,13,2,0
PRJ-00917,Refineries project 917,Petroleum & Natural Gas,Refineries,91.48,0.0,0.0,2025-09-23,2032-05-19,81,11,7.5,1,7,0
PRJ-00918,Metro rail project 918,Railways,Metro rail,23.91,22.91,95.8,2022-07-07,2027-02-11,56,51,86.2,2,7,0
PRJ-00919,Rail track doubling project 919,Railways,Rail track doubling,31.92,4.85,15.2,2025-03-06,2031-10-01,80,18,22.2,0,3,0
PRJ-00920,Refineries project 920,Petroleum & Natural Gas,Refineries,103.07,31.02,30.1,2023-03-19,2025-07-06,28,42,17.8,0,14,1
PRJ-00921,Irrigation project 921,Jal Shakti,Irrigation,8.14,1.29,15.9,2021-07-01,2022-06-26,12,63,2.0,8,3,1
PRJ-00922,National highways project 922,Road Transport & Highways,National highways,238.89,222.65,93.2,2020-09-10,2024-10-19,50,73,98.0,54,3,0
PRJ-00923,Coal mining infra project 923,Coal,Coal mining infra,5.0,2.14,42.8,2022-05-27,2029-01-20,81,52,58.0,19,21,0
PRJ-00924,Gas pipelines project 924,Petroleum & Natural Gas,Gas pipelines,313.39,182.08,58.1,2023-03-13,2028-02-15,60,42,55.0,3,8,0
PRJ-00925,Irrigation project 925,Jal Shakti,Irrigation,54.73,6.84,12.5,2024-10-16,2030-07-17,70,23,41.5,3,6,1
PRJ-00926,Rural roads project 926,Rural Development,Rural roads,24.04,9.88,41.1,2025-04-23,2029-03-03,47,17,40.2,26,6,0
PRJ-00927,Transmission lines project 927,Power,Transmission lines,188.14,88.24,46.9,2020-12-03,2023-01-22,26,70,57.9,15,9,1
PRJ-00928,State highways project 928,Road Transport & Highways,State highways,82.43,67.43,81.8,2021-08-22,2026-12-24,65,61,98.0,23,31,0
PRJ-00929,Steel plant expansion project 929,Steel,Steel plant expansion,309.6,74.3,24.0,2021-11-19,2023-01-13,14,58,47.1,2,9,1
PRJ-00930,Irrigation project 930,Jal Shakti,Irrigation,22.39,23.51,105.0,2025-01-08,2026-08-31,20,20,98.0,7,3,0
PRJ-00931,Rail track doubling project 931,Railways,Rail track doubling,66.78,29.85,44.7,2022-11-06,2024-02-29,16,47,33.0,14,6,1
PRJ-00932,Coal mining infra project 932,Coal,Coal mining infra,13.36,12.38,92.7,2022-10-29,2024-04-21,18,47,98.0,0,14,0
PRJ-00933,Irrigation project 933,Jal Shakti,Irrigation,56.82,28.3,49.8,2022-01-10,2023-06-04,17,57,28.7,8,2,1
PRJ-00934,Refineries project 934,Petroleum & Natural Gas,Refineries,4501.57,4046.91,89.9,2023-09-20,2027-02-01,41,36,86.6,13,15,0
PRJ-00935,Optical fibre network project 935,Telecommunications,Optical fibre network,237.09,88.2,37.2,2024-12-17,2026-07-10,19,21,58.7,20,1,1
PRJ-00936,Metro rail project 936,Railways,Metro rail,97.6,102.48,105.0,2023-05-10,2027-05-19,49,40,94.7,10,6,0
PRJ-00937,Irrigation project 937,Jal Shakti,Irrigation,887.83,873.62,98.4,2021-08-09,2025-11-16,52,62,98.0,4,2,0
PRJ-00938,Solar parks project 938,New & Renewable Energy,Solar parks,127.51,65.8,51.6,2022-10-29,2027-03-07,53,47,63.8,18,2,1
PRJ-00939,Irrigation project 939,Jal Shakti,Irrigation,204.91,176.84,86.3,2024-06-26,2026-12-13,30,27,98.0,3,4,0
PRJ-00940,Irrigation canals project 940,Agriculture,Irrigation canals,28.11,25.92,92.2,2023-04-04,2026-07-17,40,42,98.0,1,7,0
PRJ-00941,Gas pipelines project 941,Petroleum & Natural Gas,Gas pipelines,293.56,213.71,72.8,2024-06-29,2028-05-09,47,26,61.9,28,2,0
PRJ-00942,State highways project 942,Road Transport & Highways,State highways,79.78,77.15,96.7,2023-01-21,2025-11-06,34,44,98.0,8,16,0
PRJ-00943,Mineral exploration project 943,Mines,Mineral exploration,1702.48,1402.84,82.4,2022-05-16,2027-10-17,66,52,81.2,3,4,0
PRJ-00944,Optical fibre network project 944,Telecommunications,Optical fibre network,32.5,3.84,11.8,2023-05-26,2024-11-16,18,40,30.9,0,3,1
PRJ-00945,Rural roads project 945,Rural Development,Rural roads,128.16,103.94,81.1,2020-11-24,2025-10-29,60,70,98.0,5,0,0
PRJ-00946,Port development project 946,Shipping,Port development,143.34,95.03,66.3,2024-05-23,2029-09-24,65,28,45.8,11,12,0
PRJ-00947,Gas pipelines project 947,Petroleum & Natural Gas,Gas pipelines,76.9,13.53,17.6,2025-05-05,2029-06-13,50,16,26.2,12,12,0
PRJ-00948,Refineries project 948,Petroleum & Natural Gas,Refineries,176.96,67.78,38.3,2025-02-23,2031-09-20,80,19,36.7,3,9,0
PRJ-00949,Airport terminals project 949,Civil Aviation,Airport terminals,2068.58,1398.36,67.6,2024-10-29,2028-02-11,40,22,60.4,11,11,0
PRJ-00950,Urban housing project 950,Housing & Urban Affairs,Urban housing,20.48,17.84,87.1,2021-05-15,2023-11-01,30,65,98.0,11,21,0
PRJ-00951,Coal mining infra project 951,Coal,Coal mining infra,141.09,100.74,71.4,2021-01-18,2022-08-11,19,68,79.1,21,5,1
PRJ-00952,Optical fibre network project 952,Telecommunications,Optical fibre network,174.25,71.97,41.3,2023-11-12,2029-03-15,65,34,46.1,3,17,1
PRJ-00953,Optical fibre network project 953,Telecommunications,Optical fibre network,326.26,269.16,82.5,2023-03-17,2025-08-03,29,42,98.0,0,0,0
PRJ-00954,Refineries project 954,Petroleum & Natural Gas,Refineries,55.91,35.22,63.0,2024-10-25,2028-06-06,44,23,60.5,33,1,0
PRJ-00955,Transmission lines project 955,Power,Transmission lines,53.97,53.38,98.9,2024-04-29,2026-02-18,22,29,98.0,21,0,0
PRJ-00956,Coal mining infra project 956,Coal,Coal mining infra,167.02,151.49,90.7,2021-06-06,2026-04-11,59,64,98.0,1,2,0
PRJ-00957,Bridges project 957,Road Transport & Highways,Bridges,20.82,18.88,90.7,2023-03-06,2026-02-18,36,43,98.0,4,4,0
PRJ-00958,State highways project 958,Road Transport & Highways,State highways,19.3,1.89,9.8,2024-09-03,2029-08-08,60,24,14.3,9,16,1
PRJ-00959,Irrigation canals project 959,Agriculture,Irrigation canals,136.67,43.6,31.9,2022-10-15,2024-03-08,17,47,29.8,17,5,1
PRJ-00960,Bridges project 960,Road Transport & Highways,Bridges,229.37,59.64,26.0,2025-02-14,2031-12-10,83,19,28.5,7,15,1
PRJ-00961,Transmission lines project 961,Power,Transmission lines,756.86,698.58,92.3,2023-06-29,2026-08-12,38,39,98.0,2,27,0
PRJ-00962,Smart city infra project 962,Housing & Urban Affairs,Smart city infra,5.0,4.82,96.5,2024-06-24,2025-07-19,13,27,98.0,0,30,0
PRJ-00963,Transmission lines project 963,Power,Transmission lines,72.44,53.61,74.0,2020-12-03,2023-11-18,36,70,82.8,6,15,1
PRJ-00964,Rail track doubling project 964,Railways,Rail track doubling,35.32,9.64,27.3,2021-12-28,2027-12-27,73,57,30.7,2,1,1
PRJ-00965,Irrigation project 965,Jal Shakti,Irrigation,171.05,55.76,32.6,2022-04-12,2025-05-26,38,53,41.8,2,3,1
PRJ-00966,Refineries project 966,Petroleum & Natural Gas,Refineries,7.55,7.93,105.0,2021-01-17,2024-06-30,42,68,98.0,22,5,0
PRJ-00967,Optical fibre network project 967,Telecommunications,Optical fibre network,519.71,345.09,66.4,2024-05-17,2028-04-26,48,28,62.0,4,9,0
PRJ-00968,Refineries project 968,Petroleum & Natural Gas,Refineries,11.63,9.35,80.4,2023-07-26,2030-02-19,80,38,89.8,16,14,1
PRJ-00969,Mineral exploration project 969,Mines,Mineral exploration,233.55,130.32,55.8,2024-03-01,2028-05-09,51,30,63.3,6,20,0
PRJ-00970,Rural water supply project 970,Jal Shakti,Rural water supply,287.14,204.73,71.3,2024-02-29,2030-06-27,77,31,64.6,5,4,1
PRJ-00971,Airport terminals project 971,Civil Aviation,Airport terminals,5.0,1.77,35.4,2023-07-26,2025-07-15,24,38,39.0,4,0,1
PRJ-00972,Airport terminals project 972,Civil Aviation,Airport terminals,9.8,0.59,6.0,2021-11-28,2026-03-07,52,58,19.7,28,0,1
PRJ-00973,Transmission lines project 973,Power,Transmission lines,1312.23,822.77,62.7,2024-02-06,2028-05-15,52,31,61.4,8,0,0
PRJ-00974,Gas pipelines project 974,Petroleum & Natural Gas,Gas pipelines,1105.07,191.18,17.3,2025-12-03,2032-10-27,84,9,11.7,17,6,0
PRJ-00975,Irrigation project 975,Jal Shakti,Irrigation,20.87,21.91,105.0,2022-01-08,2024-06-26,30,57,98.0,1,8,0
PRJ-00976,National highways project 976,Road Transport & Highways,National highways,122.34,55.54,45.4,2024-09-18,2031-06-14,82,24,35.8,5,2,0
PRJ-00977,Solar parks project 977,New & Renewable Energy,Solar parks,196.0,146.02,74.5,2022-12-06,2028-04-08,65,46,78.1,0,6,0
PRJ-00978,Urban housing project 978,Housing & Urban Affairs,Urban housing,259.04,112.42,43.4,2025-04-28,2028-05-12,37,16,54.6,4,1,0
PRJ-00979,Smart city infra project 979,Housing & Urban Affairs,Smart city infra,50.33,21.04,41.8,2024-11-20,2029-10-25,60,22,36.8,8,20,0
PRJ-00980,Solar parks project 980,New & Renewable Energy,Solar parks,128.61,44.88,34.9,2021-07-04,2025-01-14,43,63,45.5,3,10,1
PRJ-00981,Airport terminals project 981,Civil Aviation,Airport terminals,40.36,29.75,73.7,2023-02-03,2027-08-11,55,44,77.0,3,11,0
PRJ-00982,Rural water supply project 982,Jal Shakti,Rural water supply,94.23,73.69,78.2,2021-11-24,2027-12-23,74,58,84.6,2,0,0
PRJ-00983,Mineral exploration project 983,Mines,Mineral exploration,73.36,62.5,85.2,2022-01-12,2028-02-10,74,56,77.8,8,1,0
PRJ-00984,Coal mining infra project 984,Coal,Coal mining infra,1494.42,442.35,29.6,2025-03-27,2029-12-01,57,17,34.2,0,27,0
PRJ-00985,Thermal power project 985,Power,Thermal power,13.85,5.86,42.3,2025-05-24,2032-01-18,81,16,32.1,20,2,0
PRJ-00986,Airport terminals project 986,Civil Aviation,Airport terminals,158.36,64.14,40.5,2025-02-23,2031-10-20,81,19,33.8,1,7,0
PRJ-00987,Mineral exploration project 987,Mines,Mineral exploration,128.67,19.43,15.1,2020-10-23,2022-05-16,19,71,26.4,8,1,1
PRJ-00988,Port development project 988,Shipping,Port development,21.5,8.6,40.0,2025-12-27,2027-09-18,21,8,45.5,4,13,0
PRJ-00989,Irrigation canals project 989,Agriculture,Irrigation canals,5.3,4.23,79.8,2025-11-27,2026-11-22,12,9,79.5,11,21,0
PRJ-00990,Gas pipelines project 990,Petroleum & Natural Gas,Gas pipelines,988.23,552.42,55.9,2025-05-29,2028-10-10,41,15,40.4,2,11,0
PRJ-00991,Bridges project 991,Road Transport & Highways,Bridges,231.48,243.05,105.0,2022-03-19,2024-10-04,31,54,98.0,5,3,0
PRJ-00992,National highways project 992,Road Transport & Highways,National highways,315.69,124.7,39.5,2024-12-14,2031-03-13,76,21,28.3,2,12,0
PRJ-00993,Coal mining infra project 993,Coal,Coal mining infra,37.48,20.39,54.4,2024-02-01,2025-08-24,19,31,58.8,12,5,1
PRJ-00994,Steel plant expansion project 994,Steel,Steel plant expansion,38.03,33.28,87.5,2022-08-08,2028-08-06,73,50,81.3,0,6,0
PRJ-00995,Irrigation canals project 995,Agriculture,Irrigation canals,14.58,3.67,25.2,2023-06-11,2024-08-04,14,39,17.9,5,35,1
PRJ-00996,National highways project 996,Road Transport & Highways,National highways,65.54,40.24,61.4,2023-03-13,2029-12-06,82,42,42.4,3,6,0
PRJ-00997,Gas pipelines project 997,Petroleum & Natural Gas,Gas pipelines,214.41,180.1,84.0,2026-02-10,2027-04-06,14,7,66.1,14,5,0
PRJ-00998,Port development project 998,Shipping,Port development,5.09,4.64,91.2,2022-02-16,2025-12-27,47,55,98.0,1,12,0
PRJ-00999,Optical fibre network project 999,Telecommunications,Optical fibre network,53.35,52.66,98.7,2020-09-12,2024-08-22,48,73,98.0,7,1,0
PRJ-01000,National highways project 1000,Road Transport & Highways,National highways,47.78,28.19,59.0,2023-05-13,2028-11-12,67,40,54.6,7,8,0
PRJ-01001,Thermal power project 1001,Power,Thermal power,199.39,79.36,39.8,2025-07-30,2027-07-20,24,13,46.4,5,15,0
PRJ-01002,Port development project 1002,Shipping,Port development,27.97,10.94,39.1,2025-05-06,2028-10-17,42,16,36.1,6,12,0
PRJ-01003,Transmission lines project 1003,Power,Transmission lines,41.46,28.28,68.2,2022-09-14,2029-03-11,79,48,65.1,12,13,0
PRJ-01004,Rural water supply project 1004,Jal Shakti,Rural water supply,54.71,51.65,94.4,2021-08-10,2026-04-16,57,62,98.0,26,14,0
PRJ-01005,Rural water supply project 1005,Jal Shakti,Rural water supply,12.56,6.59,52.5,2021-09-20,2026-10-24,62,60,54.8,24,4,1
PRJ-01006,Bridges project 1006,Road Transport & Highways,Bridges,89.67,42.86,47.8,2024-02-01,2029-04-05,63,31,56.4,13,5,1
PRJ-01007,Coal mining infra project 1007,Coal,Coal mining infra,387.08,24.0,6.2,2023-01-04,2026-07-17,43,45,32.4,26,5,1
PRJ-01008,Irrigation project 1008,Jal Shakti,Irrigation,35.24,32.77,93.0,2024-06-30,2026-04-21,22,26,98.0,9,19,0
PRJ-01009,Mineral exploration project 1009,Mines,Mineral exploration,5.64,2.92,51.7,2021-05-14,2022-09-06,16,65,60.7,8,0,1
PRJ-01010,Bridges project 1010,Road Transport & Highways,Bridges,37.65,24.7,65.6,2023-11-27,2028-10-31,60,34,68.9,22,6,0
PRJ-01011,Refineries project 1011,Petroleum & Natural Gas,Refineries,15.99,10.67,66.7,2023-01-30,2028-12-29,72,44,56.7,3,10,0
PRJ-01012,State highways project 1012,Road Transport & Highways,State highways,156.7,47.01,30.0,2022-08-10,2023-09-04,13,49,33.7,3,0,1
PRJ-01013,Thermal power project 1013,Power,Thermal power,22.1,4.02,18.2,2025-09-18,2031-11-16,75,12,21.3,1,5,0
PRJ-01014,Gas pipelines project 1014,Petroleum & Natural Gas,Gas pipelines,2750.33,2802.59,101.9,2022-07-25,2026-12-31,54,50,98.0,3,2,0
PRJ-01015,Solar parks project 1015,New & Renewable Energy,Solar parks,164.22,138.11,84.1,2020-09-12,2022-09-02,24,73,59.1,3,2,1
PRJ-01016,Port development project 1016,Shipping,Port development,415.47,356.06,85.7,2021-01-09,2022-06-03,17,69,81.4,7,18,1
PRJ-01017,Irrigation project 1017,Jal Shakti,Irrigation,17.57,4.34,24.7,2024-12-29,2031-11-23,84,20,28.3,9,4,0
PRJ-01018,Airport terminals project 1018,Civil Aviation,Airport terminals,15.86,16.65,105.0,2024-08-28,2026-01-20,17,24,98.0,7,23,0
PRJ-01019,Bridges project 1019,Road Transport & Highways,Bridges,346.94,120.39,34.7,2022-05-05,2026-03-15,47,53,20.5,0,11,1
PRJ-01020,Optical fibre network project 1020,Telecommunications,Optical fibre network,17.29,14.21,82.2,2023-01-07,2024-05-01,16,44,56.8,0,16,1
PRJ-01021,Thermal power project 1021,Power,Thermal power,5.0,2.28,45.7,2020-12-20,2025-03-29,52,69,37.6,4,10,1
PRJ-01022,National highways project 1022,Road Transport & Highways,National highways,51.59,28.43,55.1,2020-10-14,2023-11-28,38,72,55.0,0,14,1
PRJ-01023,Solar parks project 1023,New & Renewable Energy,Solar parks,141.54,47.42,33.5,2025-05-15,2030-06-18,62,16,25.3,7,14,0
PRJ-01024,Bridges project 1024,Road Transport & Highways,Bridges,33.53,24.21,72.2,2024-07-02,2027-02-17,32,26,60.2,3,3,0
PRJ-01025,Solar parks project 1025,New & Renewable Energy,Solar parks,74.23,29.77,40.1,2024-10-30,2031-09-24,84,22,34.3,4,23,0
PRJ-01026,Refineries project 1026,Petroleum & Natural Gas,Refineries,15.92,4.73,29.7,2022-05-20,2029-01-13,81,52,30.7,9,20,1
PRJ-01027,Smart city infra project 1027,Housing & Urban Affairs,Smart city infra,57.94,60.84,105.0,2024-01-10,2026-05-29,29,32,98.0,10,18,0
PRJ-01028,Bridges project 1028,Road Transport & Highways,Bridges,164.84,142.26,86.3,2023-05-16,2027-12-21,56,40,81.1,5,9,0
PRJ-01029,State highways project 1029,Road Transport & Highways,State highways,56.1,20.64,36.8,2025-08-18,2031-02-18,67,13,41.5,27,21,0
PRJ-01030,Irrigation project 1030,Jal Shakti,Irrigation,11.07,3.59,32.4,2021-06-23,2023-03-15,21,63,32.0,3,2,1
PRJ-01031,Smart city infra project 1031,Housing & Urban Affairs,Smart city infra,45.87,43.39,94.6,2022-10-14,2027-11-17,62,47,93.6,2,7,0
PRJ-01032,Smart city infra project 1032,Housing & Urban Affairs,Smart city infra,130.63,0.0,0.0,2026-01-05,2029-10-16,46,8,4.3,0,16,1
PRJ-01033,Coal mining infra project 1033,Coal,Coal mining infra,6.1,1.65,27.1,2023-06-06,2026-10-18,41,39,9.7,1,8,1
PRJ-01034,Rural roads project 1034,Rural Development,Rural roads,126.46,103.44,81.8,2023-01-29,2028-01-03,60,44,81.9,15,4,0
PRJ-01035,Gas pipelines project 1035,Petroleum & Natural Gas,Gas pipelines,23.27,15.87,68.2,2025-02-19,2030-01-24,60,19,58.6,7,10,1
PRJ-01036,Bridges project 1036,Road Transport & Highways,Bridges,288.37,302.79,105.0,2021-11-06,2025-11-15,49,59,98.0,25,9,0
PRJ-01037,Irrigation project 1037,Jal Shakti,Irrigation,10.27,0.4,3.9,2022-03-07,2023-11-27,21,55,2.0,0,7,1
PRJ-01038,Bridges project 1038,Road Transport & Highways,Bridges,16.16,15.93,98.6,2024-09-04,2027-03-23,31,24,94.5,0,1,0
PRJ-01039,Refineries project 1039,Petroleum & Natural Gas,Refineries,8.68,2.56,29.5,2022-03-10,2024-09-25,31,55,37.1,2,1,1
PRJ-01040,Refineries project 1040,Petroleum & Natural Gas,Refineries,46.58,10.57,22.7,2024-05-27,2029-03-02,58,28,38.7,7,0,1
PRJ-01041,Rail track doubling project 1041,Railways,Rail track doubling,15.98,6.94,43.4,2025-08-31,2026-08-26,12,12,25.4,2,2,1
PRJ-01042,Urban housing project 1042,Housing & Urban Affairs,Urban housing,149.88,103.42,69.0,2023-09-08,2028-06-13,58,36,58.2,15,1,1
PRJ-01043,Rural water supply project 1043,Jal Shakti,Rural water supply,32.83,11.49,35.0,2025-08-09,2027-11-27,28,13,19.6,23,37,1
PRJ-01044,Bridges project 1044,Road Transport & Highways,Bridges,90.07,18.91,21.0,2025-02-16,2030-08-19,67,19,36.9,18,8,1
PRJ-01045,Coal mining infra project 1045,Coal,Coal mining infra,26.15,17.81,68.1,2023-01-21,2029-11-15,83,44,61.1,4,1,0
PRJ-01046,Port development project 1046,Shipping,Port development,368.57,173.6,47.1,2023-11-22,2025-12-11,25,34,47.9,25,32,1
PRJ-01047,National highways project 1047,Road Transport & Highways,National highways,225.17,34.45,15.3,2025-09-04,2030-05-11,57,12,20.8,0,19,0
PRJ-01048,Optical fibre network project 1048,Telecommunications,Optical fibre network,58.9,11.6,19.7,2025-08-28,2030-01-04,53,12,17.6,22,4,0
PRJ-01049,Refineries project 1049,Petroleum & Natural Gas,Refineries,6.81,1.1,16.1,2026-02-09,2030-02-18,49,7,23.1,2,0,0
PRJ-01050,Gas pipelines project 1050,Petroleum & Natural Gas,Gas pipelines,182.54,147.13,80.6,2024-01-02,2025-10-23,22,32,71.2,2,13,1
PRJ-01051,Optical fibre network project 1051,Telecommunications,Optical fibre network,15.35,14.81,96.5,2021-02-07,2024-08-20,43,68,98.0,24,7,0
PRJ-01052,Solar parks project 1052,New & Renewable Energy,Solar parks,14.77,13.9,94.1,2023-04-04,2025-12-19,33,42,98.0,4,18,0
PRJ-01053,Irrigation canals project 1053,Agriculture,Irrigation canals,268.89,205.7,76.5,2024-01-17,2026-10-03,33,32,73.7,19,9,1
PRJ-01054,Metro rail project 1054,Railways,Metro rail,22.65,14.63,64.6,2024-09-02,2028-10-11,50,24,54.8,17,13,0
PRJ-01055,Rural water supply project 1055,Jal Shakti,Rural water supply,139.6,146.58,105.0,2023-06-01,2025-11-17,30,40,98.0,4,5,0
PRJ-01056,Bridges project 1056,Road Transport & Highways,Bridges,92.82,26.45,28.5,2025-03-29,2030-09-29,67,17,26.6,4,10,0
PRJ-01057,Rural water supply project 1057,Jal Shakti,Rural water supply,148.33,125.78,84.8,2023-10-26,2027-12-04,50,35,81.5,1,7,0
PRJ-01058,Airport terminals project 1058,Civil Aviation,Airport terminals,194.76,30.38,15.6,2021-10-16,2023-07-08,21,59,30.7,18,5,1
PRJ-01059,Rural roads project 1059,Rural Development,Rural roads,18.14,5.64,31.1,2024-10-07,2028-04-19,43,23,25.9,15,5,1
PRJ-01060,Mineral exploration project 1060,Mines,Mineral exploration,59.18,49.06,82.9,2023-05-26,2026-06-09,37,40,98.0,11,7,0
PRJ-01061,Coal mining infra project 1061,Coal,Coal mining infra,104.58,56.89,54.4,2025-07-30,2027-12-17,29,13,56.4,5,16,0
PRJ-01062,Urban housing project 1062,Housing & Urban Affairs,Urban housing,616.97,155.48,25.2,2026-02-21,2031-03-27,62,6,7.1,3,15,0
PRJ-01063,Smart city infra project 1063,Housing & Urban Affairs,Smart city infra,63.97,67.17,105.0,2021-06-17,2026-05-22,60,63,98.0,4,12,0
PRJ-01064,Smart city infra project 1064,Housing & Urban Affairs,Smart city infra,50.4,33.26,66.0,2023-09-17,2028-02-23,54,36,69.7,19,36,0
PRJ-01065,Gas pipelines project 1065,Petroleum & Natural Gas,Gas pipelines,318.15,298.42,93.8,2021-08-09,2023-12-27,29,62,98.0,0,3,0
PRJ-01066,Urban housing project 1066,Housing & Urban Affairs,Urban housing,285.33,15.98,5.6,2024-05-19,2027-06-03,37,28,12.6,2,19,1
PRJ-01067,Airport terminals project 1067,Civil Aviation,Airport terminals,51.41,48.58,94.5,2024-06-01,2027-03-18,34,27,82.2,7,3,0
PRJ-01068,Refineries project 1068,Petroleum & Natural Gas,Refineries,93.81,87.43,93.2,2020-09-30,2025-01-07,52,72,98.0,4,2,0
PRJ-01069,Urban housing project 1069,Housing & Urban Affairs,Urban housing,40.92,21.65,52.9,2022-01-21,2028-02-19,74,56,74.0,2,9,0
PRJ-01070,Solar parks project 1070,New & Renewable Energy,Solar parks,36.24,35.19,97.1,2021-10-17,2025-04-29,43,59,98.0,16,8,0
PRJ-01071,Smart city infra project 1071,Housing & Urban Affairs,Smart city infra,888.6,479.84,54.0,2024-01-26,2027-12-06,47,32,60.0,9,35,1
PRJ-01072,Refineries project 1072,Petroleum & Natural Gas,Refineries,66.06,15.52,23.5,2024-02-18,2026-04-08,26,31,27.7,1,14,1
PRJ-01073,Solar parks project 1073,New & Renewable Energy,Solar parks,14.92,3.13,21.0,2025-01-21,2031-09-17,81,20,32.8,0,4,0
PRJ-01074,Thermal power project 1074,Power,Thermal power,7.11,3.85,54.2,2022-05-10,2029-02-02,82,53,67.2,0,12,0
PRJ-01075,National highways project 1075,Road Transport & Highways,National highways,1593.34,1403.73,88.1,2020-11-01,2026-09-01,71,71,98.0,26,31,0
PRJ-01076,Transmission lines project 1076,Power,Transmission lines,34.2,31.57,92.3,2023-09-21,2027-09-30,49,36,92.0,2,8,0
PRJ-01077,Bridges project 1077,Road Transport & Highways,Bridges,81.19,38.16,47.0,2021-08-02,2026-11-04,64,62,28.5,13,26,1
PRJ-01078,Irrigation canals project 1078,Agriculture,Irrigation canals,74.88,73.01,97.5,2023-05-19,2025-10-05,29,40,98.0,9,16,0
PRJ-01079,Mineral exploration project 1079,Mines,Mineral exploration,33.63,18.13,53.9,2024-06-24,2027-12-06,42,27,58.5,16,5,0
PRJ-01080,Rural water supply project 1080,Jal Shakti,Rural water supply,22.59,0.0,0.0,2022-06-27,2025-01-12,31,51,2.0,10,48,1
PRJ-01081,Gas pipelines project 1081,Petroleum & Natural Gas,Gas pipelines,25.85,27.14,105.0,2021-10-02,2026-09-06,60,60,93.2,0,6,0
PRJ-01082,Bridges project 1082,Road Transport & Highways,Bridges,68.89,28.38,41.2,2023-08-30,2029-08-28,73,37,49.6,5,2,1
PRJ-01083,Solar parks project 1083,New & Renewable Energy,Solar parks,26.58,7.76,29.2,2023-12-07,2030-07-03,80,33,40.5,25,2,0
PRJ-01084,Port development project 1084,Shipping,Port development,39.68,41.27,104.0,2020-12-31,2026-05-04,65,69,98.0,8,1,0
PRJ-01085,Optical fibre network project 1085,Telecommunications,Optical fibre network,14.68,2.7,18.4,2025-12-21,2030-09-26,58,8,5.0,2,35,0
PRJ-01086,Optical fibre network project 1086,Telecommunications,Optical fibre network,173.01,76.99,44.5,2022-11-06,2024-08-27,22,47,36.4,3,12,1
PRJ-01087,Rail track doubling project 1087,Railways,Rail track doubling,16.2,14.86,91.7,2021-11-13,2025-05-26,43,58,98.0,5,27,0
PRJ-01088,Irrigation canals project 1088,Agriculture,Irrigation canals,34.98,8.26,23.6,2022-06-14,2027-02-18,57,51,23.4,4,7,1
PRJ-01089,Thermal power project 1089,Power,Thermal power,24.12,24.8,102.8,2022-07-20,2023-12-12,17,50,98.0,5,6,0
PRJ-01090,Solar parks project 1090,New & Renewable Energy,Solar parks,48.17,39.45,81.9,2022-07-24,2027-09-26,63,50,94.7,4,14,0
PRJ-01091,Smart city infra project 1091,Housing & Urban Affairs,Smart city infra,6.47,2.89,44.6,2020-10-06,2026-04-08,67,72,37.6,6,12,1
PRJ-01092,Rail track doubling project 1092,Railways,Rail track doubling,17.73,7.16,40.4,2026-02-13,2028-02-03,24,7,46.9,2,8,0
PRJ-01093,Rural water supply project 1093,Jal Shakti,Rural water supply,2136.61,1487.08,69.6,2024-12-07,2031-04-05,77,21,67.3,20,3,1
PRJ-01094,Port development project 1094,Shipping,Port development,89.93,87.86,97.7,2023-01-19,2026-05-03,40,44,98.0,8,14,0
PRJ-01095,Coal mining infra project 1095,Coal,Coal mining infra,16.68,15.81,94.8,2024-01-30,2029-03-04,62,32,83.2,1,8,1
PRJ-01096,Coal mining infra project 1096,Coal,Coal mining infra,98.46,46.97,47.7,2021-11-06,2028-02-03,76,59,30.6,7,10,1
PRJ-01097,Metro rail project 1097,Railways,Metro rail,12.06,3.96,32.8,2024-03-30,2025-06-23,15,30,39.5,19,5,1
PRJ-01098,Airport terminals project 1098,Civil Aviation,Airport terminals,113.74,67.22,59.1,2025-08-04,2029-08-13,49,13,64.9,4,14,1
PRJ-01099,Gas pipelines project 1099,Petroleum & Natural Gas,Gas pipelines,228.07,125.67,55.1,2021-01-06,2022-10-28,22,69,60.4,2,47,1
PRJ-01100,Rail track doubling project 1100,Railways,Rail track doubling,46.38,14.56,31.4,2021-07-08,2023-12-25,30,63,30.0,1,34,1
PRJ-01101,Rural roads project 1101,Rural Development,Rural roads,168.88,135.95,80.5,2024-06-06,2028-12-12,55,27,67.0,12,12,0
PRJ-01102,Coal mining infra project 1102,Coal,Coal mining infra,206.77,209.46,101.3,2021-10-12,2024-11-25,38,60,98.0,34,2,0
PRJ-01103,Port development project 1103,Shipping,Port development,63.71,47.59,74.7,2023-06-21,2028-01-26,56,39,91.0,5,8,0
PRJ-01104,Airport terminals project 1104,Civil Aviation,Airport terminals,76.69,40.95,53.4,2025-08-19,2031-03-21,68,13,37.1,14,2,0
PRJ-01105,Coal mining infra project 1105,Coal,Coal mining infra,11.32,11.89,105.0,2024-05-22,2026-01-12,20,28,98.0,1,1,0
PRJ-01106,Urban housing project 1106,Housing & Urban Affairs,Urban housing,48.62,21.68,44.6,2025-12-05,2028-01-24,26,9,47.6,3,31,0
PRJ-01107,National highways project 1107,Road Transport & Highways,National highways,180.6,149.54,82.8,2021-06-01,2025-12-07,55,64,98.0,12,3,0
PRJ-01108,Mineral exploration project 1108,Mines,Mineral exploration,5.57,3.21,57.6,2025-07-26,2028-04-11,33,13,47.0,3,23,0
PRJ-01109,Irrigation project 1109,Jal Shakti,Irrigation,80.31,73.08,91.0,2023-04-15,2026-01-29,34,41,84.1,4,10,1
PRJ-01110,Optical fibre network project 1110,Telecommunications,Optical fibre network,125.39,25.83,20.6,2025-04-13,2029-09-19,54,17,13.9,0,0,1
PRJ-01111,Optical fibre network project 1111,Telecommunications,Optical fibre network,537.7,296.27,55.1,2023-10-15,2029-08-14,71,35,43.3,3,16,0
PRJ-01112,Irrigation project 1112,Jal Shakti,Irrigation,357.06,146.75,41.1,2021-09-15,2026-11-18,63,60,26.3,6,34,1
PRJ-01113,Mineral exploration project 1113,Mines,Mineral exploration,104.15,37.29,35.8,2025-02-22,2028-01-08,35,19,56.8,2,4,0
PRJ-01114,Mineral exploration project 1114,Mines,Mineral exploration,12.88,10.61,82.4,2022-06-29,2027-12-30,67,51,80.4,30,6,1
PRJ-01115,Refineries project 1115,Petroleum & Natural Gas,Refineries,9.99,4.77,47.7,2026-01-06,2029-01-20,37,8,48.3,2,4,0
PRJ-01116,Coal mining infra project 1116,Coal,Coal mining infra,26.84,19.7,73.4,2022-11-10,2028-04-12,66,46,64.6,0,24,0
PRJ-01117,Refineries project 1117,Petroleum & Natural Gas,Refineries,5.39,0.77,14.2,2026-02-25,2029-05-10,39,6,12.6,5,69,0
PRJ-01118,Transmission lines project 1118,Power,Transmission lines,5.87,6.16,105.0,2024-08-13,2026-04-05,20,25,98.0,9,15,0
PRJ-01119,Solar parks project 1119,New & Renewable Energy,Solar parks,22.36,3.8,17.0,2025-08-10,2032-03-06,80,13,17.4,1,6,0
PRJ-01120,Thermal power project 1120,Power,Thermal power,141.75,84.48,59.6,2024-02-16,2028-06-24,53,31,59.0,5,4,0
PRJ-01121,Transmission lines project 1121,Power,Transmission lines,144.03,37.16,25.8,2023-08-12,2025-09-30,26,37,31.9,15,30,1
PRJ-01122,Rural water supply project 1122,Jal Shakti,Rural water supply,113.78,67.93,59.7,2022-06-02,2028-06-30,74,52,62.1,3,8,0
PRJ-01123,Port development project 1123,Shipping,Port development,99.75,90.37,90.6,2020-10-05,2025-01-12,52,72,98.0,4,18,0
PRJ-01124,Steel plant expansion project 1124,Steel,Steel plant expansion,185.57,68.1,36.7,2024-01-01,2029-02-03,62,32,40.3,1,16,0
PRJ-01125,Solar parks project 1125,New & Renewable Energy,Solar parks,21.96,4.61,21.0,2025-07-16,2030-02-20,56,14,34.4,4,6,0
PRJ-01126,Rural roads project 1126,Rural Development,Rural roads,64.8,64.93,100.2,2021-06-09,2027-03-10,70,64,93.3,9,1,0
PRJ-01127,Steel plant expansion project 1127,Steel,Steel plant expansion,53.57,21.91,40.9,2025-03-18,2029-04-26,50,18,50.5,6,1,0
PRJ-01128,Steel plant expansion project 1128,Steel,Steel plant expansion,24.88,12.44,50.0,2022-11-14,2024-09-04,22,46,49.0,13,9,1
PRJ-01129,Irrigation canals project 1129,Agriculture,Irrigation canals,5.0,1.77,35.4,2025-06-05,2029-09-12,52,15,35.1,3,33,0
PRJ-01130,Rail track doubling project 1130,Railways,Rail track doubling,1006.33,526.31,52.3,2024-11-03,2029-01-11,51,22,47.4,18,11,0
PRJ-01131,Rail track doubling project 1131,Railways,Rail track doubling,79.96,18.55,23.2,2025-02-25,2029-12-31,59,18,21.6,2,17,0
PRJ-01132,Metro rail project 1132,Railways,Metro rail,874.89,684.16,78.2,2023-04-25,2028-04-28,61,41,61.2,3,2,0
PRJ-01133,Gas pipelines project 1133,Petroleum & Natural Gas,Gas pipelines,67.91,54.74,80.6,2022-11-01,2025-03-20,29,47,98.0,10,6,0
PRJ-01134,Solar parks project 1134,New & Renewable Energy,Solar parks,929.68,177.57,19.1,2024-01-11,2029-06-13,66,32,19.3,5,1,1
PRJ-01135,Thermal power project 1135,Power,Thermal power,82.17,51.77,63.0,2023-06-14,2030-01-08,80,39,55.7,8,17,0
PRJ-01136,Mineral exploration project 1136,Mines,Mineral exploration,112.74,101.8,90.3,2020-12-16,2023-10-02,34,70,98.0,13,4,0
PRJ-01137,Optical fibre network project 1137,Telecommunications,Optical fibre network,163.15,35.08,21.5,2025-03-30,2031-04-28,74,17,27.9,0,3,1
PRJ-01138,Urban housing project 1138,Housing & Urban Affairs,Urban housing,97.46,39.96,41.0,2025-05-23,2028-04-07,35,16,43.2,0,13,0
PRJ-01139,Smart city infra project 1139,Housing & Urban Affairs,Smart city infra,263.42,204.41,77.6,2021-06-16,2027-02-15,69,63,59.4,10,34,1
PRJ-01140,Steel plant expansion project 1140,Steel,Steel plant expansion,1029.38,149.26,14.5,2025-11-17,2030-07-24,57,10,22.6,5,13,0
PRJ-01141,National highways project 1141,Road Transport & Highways,National highways,110.23,100.75,91.4,2023-06-18,2025-11-04,29,39,98.0,19,0,0
PRJ-01142,Transmission lines project 1142,Power,Transmission lines,117.16,123.02,105.0,2021-08-10,2026-08-14,61,62,98.0,19,3,0
PRJ-01143,Optical fibre network project 1143,Telecommunications,Optical fibre network,216.25,106.4,49.2,2023-05-06,2029-07-03,75,40,49.9,3,31,0
PRJ-01144,Gas pipelines project 1144,Petroleum & Natural Gas,Gas pipelines,597.39,210.88,35.3,2022-05-04,2028-06-01,74,53,44.8,3,14,1
PRJ-01145,Gas pipelines project 1145,Petroleum & Natural Gas,Gas pipelines,338.53,308.4,91.1,2022-03-13,2027-10-13,68,54,91.3,9,8,0
PRJ-01146,Airport terminals project 1146,Civil Aviation,Airport terminals,10.97,2.8,25.5,2025-03-29,2027-01-18,22,17,18.5,2,4,1
PRJ-01147,Solar parks project 1147,New & Renewable Energy,Solar parks,26.31,6.5,24.7,2026-01-02,2029-04-16,40,8,21.3,2,7,0
PRJ-01148,Urban housing project 1148,Housing & Urban Affairs,Urban housing,873.99,181.79,20.8,2025-12-30,2029-11-09,47,8,21.7,8,3,0
PRJ-01149,Irrigation project 1149,Jal Shakti,Irrigation,37.14,37.51,101.0,2023-03-01,2027-02-08,48,43,85.6,2,15,0
PRJ-01150,Thermal power project 1150,Power,Thermal power,13.1,4.49,34.3,2021-10-20,2027-07-21,70,59,42.0,6,34,1
PRJ-01151,Solar parks project 1151,New & Renewable Energy,Solar parks,36.89,34.86,94.5,2022-01-06,2028-03-05,75,57,90.4,14,6,0
PRJ-01152,Optical fibre network project 1152,Telecommunications,Optical fibre network,72.65,71.85,98.9,2023-04-25,2025-06-13,26,41,98.0,6,27,0
PRJ-01153,Solar parks project 1153,New & Renewable Energy,Solar parks,91.32,24.57,26.9,2025-07-16,2029-04-26,46,14,44.3,22,22,1
PRJ-01154,Optical fibre network project 1154,Telecommunications,Optical fibre network,587.64,605.86,103.1,2021-07-24,2026-04-29,58,62,98.0,1,5,0
PRJ-01155,Optical fibre network project 1155,Telecommunications,Optical fibre network,22.9,6.41,28.0,2021-07-26,2022-12-18,17,62,26.7,9,19,1
PRJ-01156,Coal mining infra project 1156,Coal,Coal mining infra,439.27,461.23,105.0,2023-02-12,2026-04-27,39,43,98.0,10,6,0
PRJ-01157,Gas pipelines project 1157,Petroleum & Natural Gas,Gas pipelines,24.84,12.69,51.1,2025-08-09,2029-02-19,43,13,43.5,3,6,0
PRJ-01158,Urban housing project 1158,Housing & Urban Affairs,Urban housing,24.01,19.26,80.2,2021-04-10,2022-08-03,16,66,84.6,1,9,1
PRJ-01159,Coal mining infra project 1159,Coal,Coal mining infra,121.94,68.77,56.4,2024-09-14,2029-04-21,56,24,52.4,0,12,0
PRJ-01160,Bridges project 1160,Road Transport & Highways,Bridges,200.26,120.56,60.2,2023-09-19,2025-12-07,27,36,55.6,1,2,1
PRJ-01161,Irrigation project 1161,Jal Shakti,Irrigation,118.02,31.63,26.8,2025-01-01,2029-08-08,56,20,30.3,5,4,0
PRJ-01162,Steel plant expansion project 1162,Steel,Steel plant expansion,4718.84,4464.02,94.6,2022-08-19,2028-01-20,66,49,90.5,13,2,0
PRJ-01163,Thermal power project 1163,Power,Thermal power,57.81,60.7,105.0,2022-09-22,2025-02-08,29,48,98.0,9,0,0
PRJ-01164,Transmission lines project 1164,Power,Transmission lines,159.69,129.19,80.9,2021-08-13,2024-09-26,38,62,98.0,3,9,0
PRJ-01165,State highways project 1165,Road Transport & Highways,State highways,184.31,77.59,42.1,2022-12-25,2027-08-01,56,45,44.6,3,8,1
PRJ-01166,Optical fibre network project 1166,Telecommunications,Optical fibre network,130.02,26.0,20.0,2024-08-08,2031-03-05,80,25,24.9,2,9,0
PRJ-01167,Thermal power project 1167,Power,Thermal power,70.22,43.12,61.4,2024-05-13,2028-05-22,49,28,58.5,1,7,0
PRJ-01168,Urban housing project 1168,Housing & Urban Affairs,Urban housing,82.02,80.63,98.3,2022-12-20,2026-09-30,46,45,98.0,2,9,0
PRJ-01169,Port development project 1169,Shipping,Port development,6.59,6.14,93.2,2021-02-17,2023-02-07,24,67,98.0,23,6,0
PRJ-01170,Metro rail project 1170,Railways,Metro rail,112.29,98.14,87.4,2020-10-12,2026-01-14,64,72,98.0,1,4,0
PRJ-01171,State highways project 1171,Road Transport & Highways,State highways,20.44,15.51,75.9,2024-08-16,2026-12-04,28,25,89.4,0,7,0
PRJ-01172,Metro rail project 1172,Railways,Metro rail,18.97,14.64,77.2,2024-10-11,2027-03-30,30,23,73.6,3,2,0
PRJ-01173,Smart city infra project 1173,Housing & Urban Affairs,Smart city infra,38.56,40.49,105.0,2021-07-14,2025-01-24,43,63,98.0,3,13,0
PRJ-01174,Irrigation canals project 1174,Agriculture,Irrigation canals,393.54,231.01,58.7,2023-12-23,2030-01-20,74,33,49.8,24,5,0
PRJ-01175,Metro rail project 1175,Railways,Metro rail,807.7,247.96,30.7,2022-12-10,2026-09-20,46,45,33.8,17,1,1
PRJ-01176,Mineral exploration project 1176,Mines,Mineral exploration,195.4,76.21,39.0,2023-11-09,2028-10-13,60,34,61.8,13,0,0
PRJ-01177,Coal mining infra project 1177,Coal,Coal mining infra,16.83,4.85,28.8,2025-10-03,2027-08-24,23,11,30.6,8,37,0
PRJ-01178,Refineries project 1178,Petroleum & Natural Gas,Refineries,74.7,72.68,97.3,2023-04-16,2027-02-24,47,41,90.8,10,7,0
PRJ-01179,Rural roads project 1179,Rural Development,Rural roads,87.1,81.0,93.0,2023-08-18,2029-09-15,74,37,69.0,2,0,0
PRJ-01180,Smart city infra project 1180,Housing & Urban Affairs,Smart city infra,221.63,149.82,67.6,2022-12-01,2023-11-26,12,46,49.8,1,6,1
PRJ-01181,Bridges project 1181,Road Transport & Highways,Bridges,240.09,183.67,76.5,2022-01-30,2027-10-31,70,56,84.4,22,26,0
PRJ-01182,Mineral exploration project 1182,Mines,Mineral exploration,52.36,46.65,89.1,2022-06-15,2027-02-19,57,51,98.0,14,17,0
PRJ-01183,Bridges project 1183,Road Transport & Highways,Bridges,74.77,41.35,55.3,2021-09-19,2028-04-15,80,60,76.5,1,4,0
PRJ-01184,Refineries project 1184,Petroleum & Natural Gas,Refineries,63.89,54.95,86.0,2024-12-15,2030-05-18,66,21,72.8,24,21,1
PRJ-01185,Transmission lines project 1185,Power,Transmission lines,67.72,71.11,105.0,2023-05-28,2027-03-08,46,40,94.7,9,5,0
PRJ-01186,Smart city infra project 1186,Housing & Urban Affairs,Smart city infra,298.98,313.93,105.0,2021-07-14,2025-06-23,48,63,98.0,17,1,0
PRJ-01187,Smart city infra project 1187,Housing & Urban Affairs,Smart city infra,9.09,7.34,80.8,2023-02-10,2025-05-30,28,43,98.0,10,1,0
PRJ-01188,Solar parks project 1188,New & Renewable Energy,Solar parks,34.23,35.94,105.0,2021-05-26,2027-06-24,74,64,91.9,4,1,0
PRJ-01189,Smart city infra project 1189,Housing & Urban Affairs,Smart city infra,29.01,0.49,1.7,2021-03-01,2022-08-23,18,67,2.0,2,3,1
PRJ-01190,State highways project 1190,Road Transport & Highways,State highways,47.72,9.97,20.9,2025-08-15,2031-05-16,70,13,24.6,11,17,0
PRJ-01191,National highways project 1191,Road Transport & Highways,National highways,64.28,31.24,48.6,2025-06-25,2028-02-10,32,14,40.4,1,28,0
PRJ-01192,Coal mining infra project 1192,Coal,Coal mining infra,115.32,30.68,26.6,2023-08-15,2024-08-09,12,37,40.0,22,0,1
PRJ-01193,Gas pipelines project 1193,Petroleum & Natural Gas,Gas pipelines,437.48,380.17,86.9,2025-01-16,2027-05-06,28,20,84.4,3,0,0
PRJ-01194,Mineral exploration project 1194,Mines,Mineral exploration,16.28,4.84,29.7,2024-06-26,2027-02-11,32,27,20.1,9,2,1
PRJ-01195,Rural water supply project 1195,Jal Shakti,Rural water supply,40.93,6.26,15.3,2025-08-27,2030-06-02,58,12,19.2,5,5,0
PRJ-01196,Rural water supply project 1196,Jal Shakti,Rural water supply,277.73,30.83,11.1,2025-09-19,2030-07-25,59,12,20.2,6,2,0
PRJ-01197,Irrigation canals project 1197,Agriculture,Irrigation canals,23.48,24.16,102.9,2021-02-10,2023-10-28,33,68,98.0,5,9,0
PRJ-01198,State highways project 1198,Road Transport & Highways,State highways,21.79,14.32,65.7,2023-12-16,2028-02-23,51,33,75.4,0,18,0
PRJ-01199,Irrigation project 1199,Jal Shakti,Irrigation,740.74,410.37,55.4,2023-10-09,2025-08-29,23,35,73.7,3,35,1
PRJ-01200,Rail track doubling project 1200,Railways,Rail track doubling,67.84,23.81,35.1,2026-03-04,2029-05-17,39,6,22.1,3,7,0
PRJ-01201,Airport terminals project 1201,Civil Aviation,Airport terminals,18.24,8.86,48.6,2025-09-28,2028-01-16,28,11,43.8,3,5,0
PRJ-01202,Solar parks project 1202,New & Renewable Energy,Solar parks,48.66,24.52,50.4,2024-11-28,2031-04-26,78,21,33.7,6,19,0
PRJ-01203,Irrigation canals project 1203,Agriculture,Irrigation canals,27.81,25.92,93.2,2023-09-07,2024-10-01,13,36,98.0,10,0,0
PRJ-01204,National highways project 1204,Road Transport & Highways,National highways,5.0,5.22,104.3,2022-04-12,2026-10-18,55,53,98.0,6,3,0
PRJ-01205,Rail track doubling project 1205,Railways,Rail track doubling,50.46,45.36,89.9,2021-05-10,2026-10-11,66,65,98.0,1,17,0
PRJ-01206,Metro rail project 1206,Railways,Metro rail,690.25,196.72,28.5,2023-07-02,2025-03-23,21,39,33.8,10,1,1
PRJ-01207,Irrigation project 1207,Jal Shakti,Irrigation,113.59,119.27,105.0,2024-01-12,2025-12-02,23,32,98.0,5,13,0
PRJ-01208,Rail track doubling project 1208,Railways,Rail track doubling,15.32,5.19,33.9,2025-08-07,2029-11-14,52,13,28.4,9,1,0
PRJ-01209,Rural roads project 1209,Rural Development,Rural roads,517.31,438.16,84.7,2021-03-28,2025-05-06,50,66,98.0,2,31,0
PRJ-01210,Metro rail project 1210,Railways,Metro rail,141.22,129.08,91.4,2024-01-13,2026-06-01,29,32,98.0,11,4,0
PRJ-01211,Mineral exploration project 1211,Mines,Mineral exploration,45.18,44.32,98.1,2022-05-20,2024-11-05,30,52,98.0,12,6,0
PRJ-01212,Bridges project 1212,Road Transport & Highways,Bridges,8.93,5.6,62.7,2023-03-16,2030-02-07,84,42,55.6,3,17,0
PRJ-01213,National highways project 1213,Road Transport & Highways,National highways,39.43,40.69,103.2,2022-10-04,2025-06-20,33,48,98.0,2,31,0
PRJ-01214,Coal mining infra project 1214,Coal,Coal mining infra,16.91,12.92,76.4,2024-03-17,2027-05-31,39,30,79.2,21,13,0
PRJ-01215,Mineral exploration project 1215,Mines,Mineral exploration,421.89,426.95,101.2,2021-12-25,2024-07-12,31,57,98.0,10,1,0
PRJ-01216,Gas pipelines project 1216,Petroleum & Natural Gas,Gas pipelines,33.38,32.81,98.3,2022-09-22,2028-04-23,68,48,82.0,12,7,0
PRJ-01217,Transmission lines project 1217,Power,Transmission lines,10.7,5.66,52.9,2025-09-10,2027-08-31,24,12,46.8,8,8,0
PRJ-01218,Metro rail project 1218,Railways,Metro rail,56.94,59.79,105.0,2021-12-16,2024-03-05,27,57,98.0,6,27,0
PRJ-01219,Solar parks project 1219,New & Renewable Energy,Solar parks,45.71,40.13,87.8,2022-01-31,2027-02-04,61,56,98.0,10,1,0
PRJ-01220,Rural roads project 1220,Rural Development,Rural roads,280.91,276.98,98.6,2020-10-11,2026-03-14,66,72,98.0,3,43,0
PRJ-01221,Smart city infra project 1221,Housing & Urban Affairs,Smart city infra,76.56,30.16,39.4,2021-09-28,2024-02-15,29,60,47.3,15,4,1
PRJ-01222,Irrigation project 1222,Jal Shakti,Irrigation,85.79,90.08,105.0,2024-08-16,2026-06-07,22,25,98.0,5,0,0
PRJ-01223,Irrigation project 1223,Jal Shakti,Irrigation,11.67,9.28,79.5,2023-01-28,2027-01-07,48,44,97.8,19,3,0
PRJ-01224,National highways project 1224,Road Transport & Highways,National highways,120.03,78.26,65.2,2021-06-04,2025-07-13,50,64,73.4,0,9,1
PRJ-01225,Transmission lines project 1225,Power,Transmission lines,561.74,311.77,55.5,2023-04-11,2029-08-07,77,41,59.5,3,26,0
PRJ-01226,Transmission lines project 1226,Power,Transmission lines,33.8,35.49,105.0,2021-12-26,2027-01-29,62,57,98.0,2,1,0
PRJ-01227,Urban housing project 1227,Housing & Urban Affairs,Urban housing,233.05,96.95,41.6,2022-07-22,2024-01-13,18,50,43.8,14,1,1
PRJ-01228,Irrigation project 1228,Jal Shakti,Irrigation,193.4,163.42,84.5,2023-05-28,2028-05-31,61,40,62.6,3,33,0
PRJ-01229,Rail track doubling project 1229,Railways,Rail track doubling,46.58,16.58,35.6,2024-10-29,2030-12-27,75,22,39.6,0,11,0
PRJ-01230,Mineral exploration project 1230,Mines,Mineral exploration,154.53,57.79,37.4,2022-11-06,2024-07-28,21,47,40.6,0,0,1
PRJ-01231,Port development project 1231,Shipping,Port development,28.62,16.49,57.6,2021-03-12,2022-04-06,13,67,52.2,5,33,1
PRJ-01232,Rural roads project 1232,Rural Development,Rural roads,12.9,10.37,80.4,2020-12-10,2025-03-19,52,70,98.0,2,6,0
PRJ-01233,Metro rail project 1233,Railways,Metro rail,963.38,246.63,25.6,2024-01-04,2030-11-28,84,32,35.8,3,16,1
PRJ-01234,Gas pipelines project 1234,Petroleum & Natural Gas,Gas pipelines,179.91,117.84,65.5,2024-02-17,2030-10-13,81,31,38.4,2,9,0
PRJ-01235,Irrigation canals project 1235,Agriculture,Irrigation canals,2621.46,768.09,29.3,2025-03-18,2031-02-15,72,18,25.3,10,0,0
PRJ-01236,Bridges project 1236,Road Transport & Highways,Bridges,59.41,24.77,41.7,2026-01-31,2027-09-23,20,7,28.7,1,11,0
PRJ-01237,National highways project 1237,Road Transport & Highways,National highways,142.58,66.87,46.9,2024-09-16,2027-11-30,39,24,57.0,16,0,0
PRJ-01238,State highways project 1238,Road Transport & Highways,State highways,50.91,21.79,42.8,2021-01-02,2022-07-26,19,69,41.2,3,23,1
PRJ-01239,Refineries project 1239,Petroleum & Natural Gas,Refineries,11.68,9.55,81.8,2023-05-04,2027-04-13,48,41,93.5,3,7,0
PRJ-01240,Mineral exploration project 1240,Mines,Mineral exploration,340.92,277.51,81.4,2022-03-08,2028-06-04,76,55,79.8,11,4,0
PRJ-01241,Gas pipelines project 1241,Petroleum & Natural Gas,Gas pipelines,42.98,23.12,53.8,2023-10-21,2028-12-23,63,35,58.4,0,2,0
PRJ-01242,Bridges project 1242,Road Transport & Highways,Bridges,98.59,57.58,58.4,2022-08-03,2029-02-27,80,50,51.0,8,5,1
PRJ-01243,Optical fibre network project 1243,Telecommunications,Optical fibre network,44.1,16.1,36.5,2022-09-22,2025-04-09,31,48,51.3,6,17,1
PRJ-01244,Rural water supply project 1244,Jal Shakti,Rural water supply,11.77,4.11,34.9,2025-09-16,2029-11-24,51,12,35.8,0,6,0
PRJ-01245,Bridges project 1245,Road Transport & Highways,Bridges,5.0,5.0,100.0,2023-04-24,2026-06-07,38,41,97.1,4,3,0
PRJ-01246,Metro rail project 1246,Railways,Metro rail,74.83,61.73,82.5,2023-03-04,2027-07-11,53,43,71.3,2,16,1
PRJ-01247,Refineries project 1247,Petroleum & Natural Gas,Refineries,237.12,248.98,105.0,2022-11-21,2024-07-13,20,46,98.0,22,48,0
PRJ-01248,Urban housing project 1248,Housing & Urban Affairs,Urban housing,21.79,10.76,49.4,2022-04-06,2027-10-07,67,54,46.2,4,9,1
PRJ-01249,Irrigation project 1249,Jal Shakti,Irrigation,63.2,25.03,39.6,2025-11-08,2029-05-21,43,10,23.2,0,16,0
PRJ-01250,Bridges project 1250,Road Transport & Highways,Bridges,26.44,26.73,101.1,2020-12-29,2026-07-01,67,69,98.0,1,5,0
PRJ-01251,Rail track doubling project 1251,Railways,Rail track doubling,531.99,264.93,49.8,2023-08-21,2025-03-13,19,37,46.6,2,47,1
PRJ-01252,Urban housing project 1252,Housing & Urban Affairs,Urban housing,344.82,342.41,99.3,2022-06-11,2025-03-27,34,51,98.0,2,2,0
PRJ-01253,Rail track doubling project 1253,Railways,Rail track doubling,60.66,25.11,41.4,2026-02-09,2028-06-28,29,7,49.8,0,1,1
PRJ-01254,National highways project 1254,Road Transport & Highways,National highways,121.14,69.9,57.7,2025-04-05,2031-06-03,75,17,44.4,10,22,1
PRJ-01255,Rural roads project 1255,Rural Development,Rural roads,561.52,422.82,75.3,2023-03-31,2029-08-26,78,42,53.2,40,0,0
PRJ-01256,Rural water supply project 1256,Jal Shakti,Rural water supply,206.23,124.56,60.4,2025-03-30,2030-02-02,59,17,61.0,6,6,1
PRJ-01257,Metro rail project 1257,Railways,Metro rail,351.15,368.71,105.0,2021-12-22,2025-10-02,46,57,98.0,12,26,0
PRJ-01258,Rail track doubling project 1258,Railways,Rail track doubling,23.53,2.78,11.8,2021-11-08,2023-02-01,15,59,16.2,0,3,1
PRJ-01259,Smart city infra project 1259,Housing & Urban Affairs,Smart city infra,1050.78,0.0,0.0,2021-08-27,2027-01-28,66,61,8.8,5,8,1
PRJ-01260,Rural water supply project 1260,Jal Shakti,Rural water supply,341.21,314.94,92.3,2023-03-30,2024-11-19,20,42,98.0,1,0,0
PRJ-01261,Rural water supply project 1261,Jal Shakti,Rural water supply,38.89,40.83,105.0,2022-03-09,2023-11-29,21,55,98.0,7,5,0
PRJ-01262,Airport terminals project 1262,Civil Aviation,Airport terminals,459.34,244.83,53.3,2023-08-17,2029-12-13,77,37,52.6,5,1,0
PRJ-01263,Rural roads project 1263,Rural Development,Rural roads,10.23,3.47,33.9,2025-11-13,2032-01-11,75,10,26.0,0,2,0
PRJ-01264,Solar parks project 1264,New & Renewable Energy,Solar parks,78.6,17.06,21.7,2025-03-30,2030-02-02,59,17,26.5,1,2,0
PRJ-01265,Thermal power project 1265,Power,Thermal power,33.14,29.2,88.1,2024-09-30,2026-10-20,25,23,98.0,0,28,0
PRJ-01266,Solar parks project 1266,New & Renewable Energy,Solar parks,136.11,124.95,91.8,2022-05-26,2024-07-14,26,52,98.0,3,15,0
PRJ-01267,Irrigation project 1267,Jal Shakti,Irrigation,69.73,46.16,66.2,2022-01-09,2028-05-07,77,57,74.1,9,8,0
PRJ-01268,National highways project 1268,Road Transport & Highways,National highways,204.79,184.11,89.9,2025-12-06,2026-12-31,13,9,85.7,5,4,0
PRJ-01269,Irrigation project 1269,Jal Shakti,Irrigation,33.53,0.77,2.3,2025-12-02,2031-11-01,72,9,5.0,6,3,0
PRJ-01270,Rural roads project 1270,Rural Development,Rural roads,157.36,154.21,98.0,2024-01-12,2026-07-30,31,32,98.0,0,1,0
PRJ-01271,Thermal power project 1271,Power,Thermal power,298.73,0.0,0.0,2020-12-15,2022-04-09,16,70,2.0,8,4,1
PRJ-01272,Optical fibre network project 1272,Telecommunications,Optical fibre network,5.0,4.72,94.3,2021-09-04,2027-01-06,65,61,98.0,4,21,0
PRJ-01273,Irrigation project 1273,Jal Shakti,Irrigation,19.06,11.7,61.4,2024-05-16,2027-11-27,43,28,63.0,4,11,0
PRJ-01274,Gas pipelines project 1274,Petroleum & Natural Gas,Gas pipelines,73.3,76.96,105.0,2021-01-16,2025-04-25,52,68,98.0,0,45,0
PRJ-01275,Rural water supply project 1275,Jal Shakti,Rural water supply,43.23,38.26,88.5,2021-07-19,2023-04-10,21,62,98.0,0,28,0
PRJ-01276,Solar parks project 1276,New & Renewable Energy,Solar parks,95.88,91.95,95.9,2024-02-02,2026-04-22,27,31,98.0,2,9,0
PRJ-01277,Port development project 1277,Shipping,Port development,9.12,1.48,16.2,2022-05-28,2023-11-19,18,52,12.7,9,37,1
PRJ-01278,Thermal power project 1278,Power,Thermal power,35.08,14.66,41.8,2024-12-04,2031-05-02,78,21,35.0,2,10,0
PRJ-01279,State highways project 1279,Road Transport & Highways,State highways,93.96,77.8,82.8,2020-10-30,2026-01-02,63,71,98.0,1,5,0
PRJ-01280,Bridges project 1280,Road Transport & Highways,Bridges,15.78,10.4,65.9,2021-04-05,2027-02-03,71,66,93.9,9,31,0
PRJ-01281,Urban housing project 1281,Housing & Urban Affairs,Urban housing,6.7,6.49,96.9,2021-11-03,2026-01-11,51,59,98.0,6,18,0
PRJ-01282,Smart city infra project 1282,Housing & Urban Affairs,Smart city infra,23.32,5.71,24.5,2025-09-11,2032-06-06,82,12,28.9,8,5,0
PRJ-01283,Coal mining infra project 1283,Coal,Coal mining infra,533.86,42.71,8.0,2026-02-18,2030-12-24,59,7,5.0,3,71,0
PRJ-01284,Transmission lines project 1284,Power,Transmission lines,11.86,5.68,47.9,2024-07-17,2031-06-11,84,26,41.4,5,14,0
PRJ-01285,Urban housing project 1285,Housing & Urban Affairs,Urban housing,146.24,83.65,57.2,2022-01-12,2025-07-25,43,56,47.2,17,12,1
PRJ-01286,Coal mining infra project 1286,Coal,Coal mining infra,29.08,19.98,68.7,2024-02-11,2030-04-10,75,31,46.6,10,8,0
PRJ-01287,Transmission lines project 1287,Power,Transmission lines,33.03,20.94,63.4,2022-01-26,2028-09-21,81,56,79.0,1,11,0
PRJ-01288,Irrigation project 1288,Jal Shakti,Irrigation,112.55,55.82,49.6,2025-05-02,2026-04-27,12,16,51.0,12,20,1
PRJ-01289,Gas pipelines project 1289,Petroleum & Natural Gas,Gas pipelines,34.51,3.24,9.4,2026-01-17,2029-05-31,41,8,22.7,4,11,0
PRJ-01290,Optical fibre network project 1290,Telecommunications,Optical fibre network,278.47,118.07,42.4,2024-03-27,2025-04-21,13,30,39.9,14,1,1
PRJ-01291,Smart city infra project 1291,Housing & Urban Affairs,Smart city infra,38.0,10.11,26.6,2026-03-04,2031-02-06,60,6,45.1,19,7,1
PRJ-01292,Urban housing project 1292,Housing & Urban Affairs,Urban housing,363.32,176.57,48.6,2025-08-06,2028-09-19,38,13,33.2,11,13,0
PRJ-01293,Port development project 1293,Shipping,Port development,87.94,44.76,50.9,2024-11-04,2030-03-08,65,22,37.5,10,3,0
PRJ-01294,Airport terminals project 1294,Civil Aviation,Airport terminals,54.85,29.78,54.3,2020-10-15,2022-05-08,19,72,54.1,5,29,1
PRJ-01295,Metro rail project 1295,Railways,Metro rail,39.17,41.13,105.0,2022-03-10,2026-01-18,47,55,98.0,4,10,0
PRJ-01296,Bridges project 1296,Road Transport & Highways,Bridges,103.96,7.69,7.4,2025-12-07,2029-04-20,41,9,12.9,1,0,0
PRJ-01297,Port development project 1297,Shipping,Port development,5.0,3.22,64.5,2023-11-12,2028-09-16,59,34,56.6,2,0,0
PRJ-01298,Coal mining infra project 1298,Coal,Coal mining infra,83.33,34.33,41.2,2020-09-18,2022-07-10,22,72,51.2,3,2,1
PRJ-01299,Solar parks project 1299,New & Renewable Energy,Solar parks,1632.44,638.28,39.1,2025-08-23,2031-11-20,76,12,27.7,2,19,1
PRJ-01300,Metro rail project 1300,Railways,Metro rail,9.24,7.13,77.2,2022-08-09,2027-09-12,62,50,80.8,5,9,0
PRJ-01301,Bridges project 1301,Road Transport & Highways,Bridges,29.26,25.78,88.1,2022-11-10,2029-10-04,84,46,66.2,8,16,0
PRJ-01302,State highways project 1302,Road Transport & Highways,State highways,99.28,82.3,82.9,2023-09-28,2026-01-15,28,36,98.0,9,17,0
PRJ-01303,Irrigation project 1303,Jal Shakti,Irrigation,26.1,18.17,69.6,2024-07-17,2028-03-28,45,26,61.6,17,36,1
PRJ-01304,Smart city infra project 1304,Housing & Urban Affairs,Smart city infra,78.81,30.74,39.0,2020-12-26,2026-01-29,62,69,47.6,4,7,1
PRJ-01305,Smart city infra project 1305,Housing & Urban Affairs,Smart city infra,91.35,47.96,52.5,2024-05-24,2030-01-23,69,28,44.1,10,36,0
PRJ-01306,Rural water supply project 1306,Jal Shakti,Rural water supply,39.08,30.99,79.3,2024-11-13,2026-08-05,21,22,98.0,1,10,0
PRJ-01307,Transmission lines project 1307,Power,Transmission lines,72.64,44.53,61.3,2025-06-01,2027-06-21,25,15,63.7,0,0,0
PRJ-01308,Metro rail project 1308,Railways,Metro rail,185.73,131.31,70.7,2025-08-02,2028-04-18,33,13,58.5,4,22,0
PRJ-01309,Coal mining infra project 1309,Coal,Coal mining infra,18.89,14.66,77.6,2023-07-26,2027-11-02,52,38,79.3,18,6,0
PRJ-01310,Gas pipelines project 1310,Petroleum & Natural Gas,Gas pipelines,65.42,10.53,16.1,2025-07-02,2032-01-27,80,14,18.3,6,27,0
PRJ-01311,Rural roads project 1311,Rural Development,Rural roads,40.88,37.77,92.4,2020-10-08,2023-11-22,38,72,98.0,11,23,0
PRJ-01312,Coal mining infra project 1312,Coal,Coal mining infra,117.71,18.83,16.0,2024-06-13,2030-04-13,71,27,17.2,7,2,1
PRJ-01313,Rural water supply project 1313,Jal Shakti,Rural water supply,156.3,103.31,66.1,2021-05-26,2023-08-14,27,64,62.6,4,16,1
PRJ-01314,Bridges project 1314,Road Transport & Highways,Bridges,76.74,4.37,5.7,2025-04-18,2029-05-27,50,17,21.7,11,8,1
PRJ-01315,Steel plant expansion project 1315,Steel,Steel plant expansion,52.48,19.37,36.9,2025-12-14,2029-02-26,39,9,34.6,3,39,0
PRJ-01316,Smart city infra project 1316,Housing & Urban Affairs,Smart city infra,242.44,254.56,105.0,2025-05-07,2027-03-28,23,16,95.0,5,16,1
PRJ-01317,Irrigation project 1317,Jal Shakti,Irrigation,31.0,29.3,94.5,2020-09-30,2025-06-06,57,72,98.0,3,16,0
PRJ-01318,Refineries project 1318,Petroleum & Natural Gas,Refineries,126.87,70.67,55.7,2023-04-20,2024-10-11,18,41,53.9,17,21,1
PRJ-01319,Irrigation canals project 1319,Agriculture,Irrigation canals,90.38,45.19,50.0,2024-07-02,2028-03-13,45,26,73.6,3,7,0
PRJ-01320,Thermal power project 1320,Power,Thermal power,14.83,3.19,21.5,2026-01-02,2031-03-07,63,8,34.7,0,1,0
PRJ-01321,Coal mining infra project 1321,Coal,Coal mining infra,31.45,15.47,49.2,2023-01-23,2029-10-18,82,44,54.3,19,0,0
PRJ-01322,Irrigation project 1322,Jal Shakti,Irrigation,119.38,2.51,2.1,2025-08-25,2031-06-25,71,12,20.3,7,37,0
PRJ-01323,Rail track doubling project 1323,Railways,Rail track doubling,196.3,56.73,28.9,2021-09-02,2024-01-20,29,61,29.7,4,19,1
PRJ-01324,Rail track doubling project 1324,Railways,Rail track doubling,192.25,80.55,41.9,2026-02-10,2027-09-03,19,7,43.6,0,19,0
PRJ-01325,Irrigation project 1325,Jal Shakti,Irrigation,64.63,19.71,30.5,2025-06-12,2028-06-26,37,15,43.6,10,2,0
PRJ-01326,Refineries project 1326,Petroleum & Natural Gas,Refineries,665.63,585.75,88.0,2024-02-03,2025-11-24,22,31,98.0,6,4,0
PRJ-01327,Solar parks project 1327,New & Renewable Energy,Solar parks,21.09,22.14,105.0,2022-11-22,2026-08-03,45,46,98.0,0,8,0
PRJ-01328,Bridges project 1328,Road Transport & Highways,Bridges,103.43,28.75,27.8,2026-01-21,2027-09-13,20,7,29.6,4,12,0
PRJ-01329,Transmission lines project 1329,Power,Transmission lines,241.1,216.03,89.6,2021-02-12,2026-09-14,68,68,95.3,11,17,0
PRJ-01330,Metro rail project 1330,Railways,Metro rail,8.99,3.43,38.1,2025-08-30,2030-02-05,54,12,30.9,1,8,1
PRJ-01331,Rail track doubling project 1331,Railways,Rail track doubling,1186.34,175.58,14.8,2025-12-09,2031-10-09,71,9,15.1,16,6,0
PRJ-01332,State highways project 1332,Road Transport & Highways,State highways,293.05,82.93,28.3,2025-03-27,2030-09-27,67,17,23.3,8,16,1
PRJ-01333,Refineries project 1333,Petroleum & Natural Gas,Refineries,346.08,112.82,32.6,2023-05-25,2024-08-17,15,40,25.2,0,19,1
PRJ-01334,Refineries project 1334,Petroleum & Natural Gas,Refineries,315.82,328.77,104.1,2022-05-07,2027-10-08,66,53,79.8,3,14,0
PRJ-01335,Thermal power project 1335,Power,Thermal power,11.2,6.45,57.6,2024-03-12,2027-05-26,39,30,66.0,1,18,1
PRJ-01336,Thermal power project 1336,Power,Thermal power,201.91,123.57,61.2,2024-08-20,2028-06-30,47,25,67.4,9,4,0
PRJ-01337,Coal mining infra project 1337,Coal,Coal mining infra,49.22,0.0,0.0,2021-03-23,2023-10-09,31,66,10.1,1,17,1
PRJ-01338,State highways project 1338,Road Transport & Highways,State highways,46.96,16.34,34.8,2022-09-26,2026-04-08,43,48,39.9,14,5,1
PRJ-01339,Mineral exploration project 1339,Mines,Mineral exploration,124.47,76.92,61.8,2024-07-10,2030-09-07,75,26,44.8,8,26,0
PRJ-01340,Gas pipelines project 1340,Petroleum & Natural Gas,Gas pipelines,19.28,15.67,81.3,2021-03-25,2027-12-19,82,66,88.6,4,8,0
PRJ-01341,Airport terminals project 1341,Civil Aviation,Airport terminals,74.12,8.15,11.0,2025-11-02,2027-09-23,23,10,18.4,2,8,1
PRJ-01342,Rural water supply project 1342,Jal Shakti,Rural water supply,73.58,71.52,97.2,2024-01-12,2026-05-31,29,32,98.0,17,7,0
PRJ-01343,Gas pipelines project 1343,Petroleum & Natural Gas,Gas pipelines,39.58,15.75,39.8,2025-01-22,2031-07-20,79,20,37.7,1,33,0
PRJ-01344,Irrigation project 1344,Jal Shakti,Irrigation,66.81,46.17,69.1,2022-08-23,2029-04-18,81,49,60.2,3,9,0
PRJ-01345,National highways project 1345,Road Transport & Highways,National highways,26.14,16.76,64.1,2024-01-13,2028-09-18,57,32,60.0,13,1,0
PRJ-01346,Airport terminals project 1346,Civil Aviation,Airport terminals,21.59,13.93,64.5,2023-02-15,2029-03-15,74,43,48.2,27,5,1
PRJ-01347,Rural roads project 1347,Rural Development,Rural roads,83.61,74.75,89.4,2021-01-22,2027-12-17,84,68,83.8,7,7,0
PRJ-01348,Port development project 1348,Shipping,Port development,19.96,8.38,42.0,2024-05-17,2029-05-21,61,28,49.3,21,11,0
PRJ-01349,Rural water supply project 1349,Jal Shakti,Rural water supply,826.02,867.32,105.0,2025-03-03,2026-05-27,15,18,98.0,0,11,0
PRJ-01350,Smart city infra project 1350,Housing & Urban Affairs,Smart city infra,39.25,40.07,102.1,2022-10-31,2026-02-12,40,47,98.0,2,12,0
PRJ-01351,National highways project 1351,Road Transport & Highways,National highways,10.51,10.91,103.8,2021-02-26,2025-01-06,47,67,98.0,5,0,0
PRJ-01352,State highways project 1352,Road Transport & Highways,State highways,15.29,14.82,96.9,2021-08-23,2027-07-23,72,61,98.0,17,3,0
PRJ-01353,Port development project 1353,Shipping,Port development,164.32,59.32,36.1,2024-03-04,2027-07-17,41,30,29.2,3,21,1
PRJ-01354,Thermal power project 1354,Power,Thermal power,612.83,122.57,20.0,2025-08-13,2029-02-23,43,13,25.4,16,17,0
PRJ-01355,Irrigation canals project 1355,Agriculture,Irrigation canals,11.87,9.07,76.4,2024-10-29,2028-08-09,46,22,64.9,18,4,0
PRJ-01356,Optical fibre network project 1356,Telecommunications,Optical fibre network,15.22,5.74,37.7,2021-08-08,2023-03-01,19,62,30.6,9,1,1
PRJ-01357,Irrigation project 1357,Jal Shakti,Irrigation,545.75,333.45,61.1,2022-12-13,2027-12-17,61,45,80.8,6,7,0
PRJ-01358,Rural roads project 1358,Rural Development,Rural roads,187.19,169.97,90.8,2020-12-07,2023-09-23,34,70,81.8,1,2,1
PRJ-01359,Thermal power project 1359,Power,Thermal power,138.62,84.56,61.0,2024-11-07,2029-02-14,52,22,44.5,2,33,0
PRJ-01360,Rural roads project 1360,Rural Development,Rural roads,45.17,30.17,66.8,2021-01-20,2022-04-15,15,68,64.4,6,5,1
PRJ-01361,Rural roads project 1361,Rural Development,Rural roads,18.6,11.29,60.7,2020-11-12,2027-10-07,84,71,52.7,0,12,1
PRJ-01362,Solar parks project 1362,New & Renewable Energy,Solar parks,262.53,70.88,27.0,2025-05-19,2032-04-12,84,16,29.0,5,14,0
PRJ-01363,Transmission lines project 1363,Power,Transmission lines,115.65,96.91,83.8,2021-06-27,2027-08-25,75,63,75.5,6,0,0
PRJ-01364,Optical fibre network project 1364,Telecommunications,Optical fibre network,80.89,51.53,63.7,2024-06-12,2027-03-29,34,27,86.0,16,13,0
PRJ-01365,Airport terminals project 1365,Civil Aviation,Airport terminals,129.5,68.64,53.0,2025-12-19,2027-11-09,23,9,43.9,4,7,0
PRJ-01366,State highways project 1366,Road Transport & Highways,State highways,15.13,11.09,73.3,2024-11-15,2028-02-28,40,22,66.8,5,34,0
PRJ-01367,National highways project 1367,Road Transport & Highways,National highways,10.21,8.48,83.1,2023-03-24,2029-03-22,73,42,76.5,20,30,0
PRJ-01368,National highways project 1368,Road Transport & Highways,National highways,21.31,0.0,0.0,2024-04-26,2027-05-11,37,29,16.9,9,2,1
PRJ-01369,Metro rail project 1369,Railways,Metro rail,281.47,167.19,59.4,2024-04-08,2027-01-23,34,29,57.9,35,2,1
PRJ-01370,Smart city infra project 1370,Housing & Urban Affairs,Smart city infra,232.84,131.32,56.4,2025-11-05,2026-12-30,14,10,77.4,0,9,0
PRJ-01371,Metro rail project 1371,Railways,Metro rail,114.1,36.63,32.1,2022-11-21,2025-05-09,30,46,50.9,3,6,1
PRJ-01372,Rail track doubling project 1372,Railways,Rail track doubling,28.68,17.81,62.1,2021-06-07,2027-12-03,79,64,77.5,13,11,0
PRJ-01373,Rural roads project 1373,Rural Development,Rural roads,25.11,19.86,79.1,2020-10-16,2022-07-08,21,72,86.0,18,36,1
PRJ-01374,Rural roads project 1374,Rural Development,Rural roads,41.81,43.57,104.2,2022-03-25,2027-04-28,62,54,96.5,3,54,0
PRJ-01375,Solar parks project 1375,New & Renewable Energy,Solar parks,149.13,41.16,27.6,2025-08-12,2030-02-17,55,13,24.7,11,18,0
PRJ-01376,Urban housing project 1376,Housing & Urban Affairs,Urban housing,6.1,4.9,80.3,2024-05-15,2026-10-02,29,28,98.0,8,25,0
PRJ-01377,Thermal power project 1377,Power,Thermal power,71.39,63.47,88.9,2022-01-27,2027-07-30,67,56,82.3,11,5,0
PRJ-01378,Mineral exploration project 1378,Mines,Mineral exploration,182.87,188.9,103.3,2020-10-16,2026-11-14,74,72,98.0,4,4,0
PRJ-01379,Mineral exploration project 1379,Mines,Mineral exploration,310.63,277.7,89.4,2024-05-26,2027-03-12,34,28,92.4,6,13,0
PRJ-01380,Optical fibre network project 1380,Telecommunications,Optical fibre network,41.53,40.87,98.4,2022-04-16,2026-12-21,57,53,85.2,3,6,0
PRJ-01381,Irrigation project 1381,Jal Shakti,Irrigation,34.18,28.03,82.0,2022-06-12,2025-03-28,34,51,70.1,22,3,1
PRJ-01382,Refineries project 1382,Petroleum & Natural Gas,Refineries,225.63,124.1,55.0,2024-06-16,2028-06-25,49,27,54.4,11,2,0
PRJ-01383,Metro rail project 1383,Railways,Metro rail,21.61,21.89,101.3,2025-03-08,2026-03-03,12,18,98.0,14,33,0
PRJ-01384,Solar parks project 1384,New & Renewable Energy,Solar parks,1071.05,717.6,67.0,2023-12-26,2030-11-19,84,33,58.4,30,55,0
PRJ-01385,State highways project 1385,Road Transport & Highways,State highways,94.13,32.38,34.4,2025-02-27,2029-06-06,52,18,31.0,2,2,0
PRJ-01386,Steel plant expansion project 1386,Steel,Steel plant expansion,19.6,1.65,8.4,2024-12-09,2031-11-03,84,21,28.9,2,33,0
PRJ-01387,Rail track doubling project 1387,Railways,Rail track doubling,32.79,32.76,99.9,2020-12-04,2027-02-01,75,70,92.7,7,0,0
PRJ-01388,Metro rail project 1388,Railways,Metro rail,17.9,14.75,82.4,2024-04-27,2026-01-17,21,29,98.0,9,13,0
PRJ-01389,Irrigation project 1389,Jal Shakti,Irrigation,7.65,5.03,65.7,2024-03-26,2028-07-03,52,30,64.4,0,6,0
PRJ-01390,Thermal power project 1390,Power,Thermal power,617.3,432.11,70.0,2022-08-12,2024-07-02,23,49,72.8,22,11,1
PRJ-01391,Irrigation canals project 1391,Agriculture,Irrigation canals,95.72,94.57,98.8,2022-08-06,2027-01-12,54,50,98.0,1,7,0
PRJ-01392,Coal mining infra project 1392,Coal,Coal mining infra,19.87,1.41,7.1,2026-02-11,2029-10-23,45,7,10.2,16,17,0
PRJ-01393,Transmission lines project 1393,Power,Transmission lines,5.0,5.12,102.3,2024-10-11,2026-06-03,20,23,98.0,3,27,0
PRJ-01394,Rural roads project 1394,Rural Development,Rural roads,45.82,26.99,58.9,2024-09-27,2026-10-17,25,24,61.5,24,3,1
PRJ-01395,National highways project 1395,Road Transport & Highways,National highways,19.76,5.34,27.0,2025-11-28,2030-12-02,61,9,24.0,7,13,0
PRJ-01396,Coal mining infra project 1396,Coal,Coal mining infra,27.42,19.96,72.8,2022-01-26,2027-05-30,65,56,82.6,0,11,0
PRJ-01397,Thermal power project 1397,Power,Thermal power,138.96,140.07,100.8,2021-03-21,2026-06-23,64,66,98.0,2,35,0
PRJ-01398,Airport terminals project 1398,Civil Aviation,Airport terminals,25.56,20.22,79.1,2021-03-27,2026-03-01,60,66,98.0,9,15,0
PRJ-01399,Rural roads project 1399,Rural Development,Rural roads,16.21,10.2,62.9,2023-02-12,2028-01-17,60,43,65.9,8,9,0
PRJ-01400,Rail track doubling project 1400,Railways,Rail track doubling,117.76,11.66,9.9,2021-07-13,2027-07-12,73,63,2.0,0,36,1
PRJ-01401,Solar parks project 1401,New & Renewable Energy,Solar parks,18.45,19.37,105.0,2022-07-12,2025-10-24,40,50,98.0,3,3,0
PRJ-01402,Thermal power project 1402,Power,Thermal power,31.71,32.69,103.1,2023-08-25,2025-05-16,21,37,98.0,0,10,0
PRJ-01403,State highways project 1403,Road Transport & Highways,State highways,19.69,18.59,94.4,2024-07-11,2025-09-04,14,26,98.0,15,5,0
PRJ-01404,Smart city infra project 1404,Housing & Urban Affairs,Smart city infra,43.21,41.05,95.0,2024-09-18,2026-10-08,25,24,98.0,24,23,0
PRJ-01405,Bridges project 1405,Road Transport & Highways,Bridges,158.73,112.06,70.6,2024-04-05,2026-12-21,33,29,55.7,12,17,1
PRJ-01406,Refineries project 1406,Petroleum & Natural Gas,Refineries,482.59,239.85,49.7,2025-04-11,2027-01-01,21,17,33.7,3,47,1
PRJ-01407,Optical fibre network project 1407,Telecommunications,Optical fibre network,150.39,79.11,52.6,2020-11-24,2022-10-15,23,70,38.9,21,29,1
PRJ-01408,Smart city infra project 1408,Housing & Urban Affairs,Smart city infra,558.31,139.02,24.9,2022-11-06,2028-11-04,73,47,38.3,5,16,1
PRJ-01409,National highways project 1409,Road Transport & Highways,National highways,534.53,529.18,99.0,2023-10-05,2026-06-21,33,35,98.0,2,0,0
PRJ-01410,Steel plant expansion project 1410,Steel,Steel plant expansion,123.35,111.26,90.2,2021-03-10,2026-09-10,67,67,98.0,7,13,0
PRJ-01411,Thermal power project 1411,Power,Thermal power,127.52,69.88,54.8,2025-11-17,2027-11-07,24,10,45.0,1,21,0
PRJ-01412,Smart city infra project 1412,Housing & Urban Affairs,Smart city infra,12.67,6.4,50.5,2025-01-10,2027-12-26,36,20,53.0,6,6,0
PRJ-01413,Gas pipelines project 1413,Petroleum & Natural Gas,Gas pipelines,7.31,6.47,88.5,2022-04-09,2029-01-02,82,54,72.4,20,14,0
PRJ-01414,Optical fibre network project 1414,Telecommunications,Optical fibre network,348.18,56.41,16.2,2024-09-09,2028-08-19,48,24,17.3,3,11,1
PRJ-01415,Urban housing project 1415,Housing & Urban Affairs,Urban housing,64.19,62.84,97.9,2024-11-05,2026-10-26,24,22,98.0,13,26,0
PRJ-01416,State highways project 1416,Road Transport & Highways,State highways,27.17,2.91,10.7,2023-12-23,2030-09-17,82,33,38.9,6,21,0
PRJ-01417,Airport terminals project 1417,Civil Aviation,Airport terminals,51.87,44.61,86.0,2025-04-26,2026-10-18,18,16,97.3,0,0,0
PRJ-01418,Rural roads project 1418,Rural Development,Rural roads,83.19,13.31,16.0,2026-02-27,2031-07-31,66,6,18.8,0,24,0
PRJ-01419,Bridges project 1419,Road Transport & Highways,Bridges,52.53,21.12,40.2,2024-07-11,2030-07-10,73,26,39.8,7,1,0
PRJ-01420,Transmission lines project 1420,Power,Transmission lines,17.45,12.95,74.2,2025-08-20,2026-11-13,15,13,80.0,15,2,1
PRJ-01421,Transmission lines project 1421,Power,Transmission lines,463.67,203.55,43.9,2025-03-22,2029-03-31,49,18,29.0,3,9,0
PRJ-01422,Bridges project 1422,Road Transport & Highways,Bridges,14.09,9.6,68.1,2023-07-11,2025-08-29,26,38,73.5,4,7,1
PRJ-01423,Urban housing project 1423,Housing & Urban Affairs,Urban housing,55.47,58.24,105.0,2021-10-11,2026-11-14,62,60,98.0,4,0,0
PRJ-01424,Airport terminals project 1424,Civil Aviation,Airport terminals,9.25,9.42,101.8,2023-06-09,2027-02-18,45,39,94.4,58,5,0
PRJ-01425,Bridges project 1425,Road Transport & Highways,Bridges,324.21,23.99,7.4,2022-07-31,2029-03-26,81,50,19.7,17,0,1
PRJ-01426,Refineries project 1426,Petroleum & Natural Gas,Refineries,266.74,108.03,40.5,2025-02-21,2029-12-27,59,19,25.9,3,1,0
PRJ-01427,Refineries project 1427,Petroleum & Natural Gas,Refineries,178.87,142.74,79.8,2024-02-09,2026-12-25,35,31,75.6,9,1,1
PRJ-01428,Coal mining infra project 1428,Coal,Coal mining infra,86.36,11.4,13.2,2025-12-05,2029-08-16,45,9,22.8,9,22,0
PRJ-01429,Coal mining infra project 1429,Coal,Coal mining infra,67.94,69.71,102.6,2023-07-28,2027-04-08,45,38,88.8,7,7,0
PRJ-01430,Irrigation project 1430,Jal Shakti,Irrigation,102.29,106.38,104.0,2021-06-26,2025-04-06,46,63,98.0,23,13,0
PRJ-01431,Solar parks project 1431,New & Renewable Energy,Solar parks,325.94,64.54,19.8,2025-10-31,2028-05-18,31,10,25.1,15,24,0
PRJ-01432,Irrigation canals project 1432,Agriculture,Irrigation canals,372.9,96.95,26.0,2025-08-20,2027-06-11,22,13,26.1,2,16,1
PRJ-01433,Irrigation canals project 1433,Agriculture,Irrigation canals,38.18,15.62,40.9,2024-04-01,2030-11-26,81,29,36.7,0,12,0
PRJ-01434,Gas pipelines project 1434,Petroleum & Natural Gas,Gas pipelines,91.62,46.82,51.1,2020-09-25,2024-02-07,41,72,53.9,13,15,1
PRJ-01435,Optical fibre network project 1435,Telecommunications,Optical fibre network,410.43,283.61,69.1,2025-11-02,2030-11-06,61,10,58.4,4,7,1
PRJ-01436,Port development project 1436,Shipping,Port development,45.75,29.14,63.7,2023-10-31,2030-05-27,80,35,49.3,2,1,0
PRJ-01437,Irrigation canals project 1437,Agriculture,Irrigation canals,151.5,140.44,92.7,2021-04-26,2027-03-26,72,65,98.0,3,5,0
PRJ-01438,Solar parks project 1438,New & Renewable Energy,Solar parks,190.31,80.69,42.4,2021-03-27,2024-09-07,42,66,31.7,2,0,1
PRJ-01439,Airport terminals project 1439,Civil Aviation,Airport terminals,7.23,4.29,59.3,2024-07-02,2026-04-23,22,26,43.2,0,5,1
PRJ-01440,Refineries project 1440,Petroleum & Natural Gas,Refineries,170.74,77.52,45.4,2021-02-12,2022-06-07,16,68,38.1,19,5,1
PRJ-01441,Port development project 1441,Shipping,Port development,492.07,350.35,71.2,2022-12-23,2029-05-20,78,45,76.0,5,3,0
PRJ-01442,Solar parks project 1442,New & Renewable Energy,Solar parks,46.54,21.45,46.1,2022-05-19,2024-11-04,30,52,35.0,4,10,1
PRJ-01443,Rail track doubling project 1443,Railways,Rail track doubling,91.97,80.11,87.1,2020-11-08,2026-07-10,69,71,96.3,24,23,0
PRJ-01444,Thermal power project 1444,Power,Thermal power,149.82,157.31,105.0,2020-11-09,2023-07-27,33,71,98.0,3,0,0
PRJ-01445,Transmission lines project 1445,Power,Transmission lines,20.69,17.11,82.7,2021-08-24,2024-08-08,36,61,98.0,2,9,0
PRJ-01446,Metro rail project 1446,Railways,Metro rail,32.37,4.05,12.5,2025-12-09,2031-05-12,66,9,13.1,2,15,0
PRJ-01447,Bridges project 1447,Road Transport & Highways,Bridges,308.0,201.12,65.3,2022-05-07,2027-11-07,67,53,77.4,2,7,0
PRJ-01448,Transmission lines project 1448,Power,Transmission lines,18.67,10.47,56.1,2021-07-26,2024-01-12,30,62,54.6,3,68,1
PRJ-01449,Steel plant expansion project 1449,Steel,Steel plant expansion,375.68,231.04,61.5,2024-09-24,2029-01-01,52,24,44.7,15,2,0
PRJ-01450,Bridges project 1450,Road Transport & Highways,Bridges,25.91,6.94,26.8,2025-09-09,2030-09-13,61,12,30.4,9,23,1
PRJ-01451,Optical fibre network project 1451,Telecommunications,Optical fibre network,2437.88,1033.66,42.4,2023-12-14,2030-09-08,82,33,50.1,6,1,0
PRJ-01452,Smart city infra project 1452,Housing & Urban Affairs,Smart city infra,99.69,0.0,0.0,2021-05-17,2025-03-27,47,64,2.0,1,14,1
PRJ-01453,Port development project 1453,Shipping,Port development,466.03,61.98,13.3,2023-08-11,2024-09-04,13,37,32.0,10,4,1
PRJ-01454,Steel plant expansion project 1454,Steel,Steel plant expansion,74.68,34.95,46.8,2022-11-19,2029-04-16,78,46,60.2,15,8,0
PRJ-01455,Gas pipelines project 1455,Petroleum & Natural Gas,Gas pipelines,116.38,28.63,24.6,2025-07-19,2030-11-20,65,14,21.2,19,9,0
PRJ-01456,Metro rail project 1456,Railways,Metro rail,38.45,6.77,17.6,2025-05-07,2032-03-31,84,16,21.8,8,3,0
PRJ-01457,Solar parks project 1457,New & Renewable Energy,Solar parks,78.96,63.4,80.3,2022-11-29,2024-11-18,24,46,98.0,15,15,0
PRJ-01458,Rail track doubling project 1458,Railways,Rail track doubling,212.44,223.06,105.0,2023-01-09,2024-12-29,24,44,98.0,16,12,0
PRJ-01459,Urban housing project 1459,Housing & Urban Affairs,Urban housing,270.85,200.43,74.0,2021-04-25,2027-11-20,80,65,84.0,2,2,0
PRJ-01460,Rural roads project 1460,Rural Development,Rural roads,11.49,10.59,92.2,2021-04-04,2026-07-07,64,66,98.0,39,0,0
PRJ-01461,Rural water supply project 1461,Jal Shakti,Rural water supply,37.2,14.99,40.3,2024-01-12,2030-02-09,74,32,36.7,2,16,0
PRJ-01462,Solar parks project 1462,New & Renewable Energy,Solar parks,128.53,104.62,81.4,2022-10-06,2028-09-04,72,48,76.2,8,4,0
PRJ-01463,State highways project 1463,Road Transport & Highways,State highways,129.33,91.44,70.7,2025-03-19,2029-01-27,47,18,72.8,1,17,1
PRJ-01464,Refineries project 1464,Petroleum & Natural Gas,Refineries,72.61,21.93,30.2,2025-05-16,2030-07-19,63,16,28.8,0,2,0
PRJ-01465,State highways project 1465,Road Transport & Highways,State highways,69.43,47.0,67.7,2023-12-17,2028-05-24,54,33,71.0,17,25,0
PRJ-01466,Irrigation project 1466,Jal Shakti,Irrigation,109.4,23.08,21.1,2025-11-26,2031-10-26,72,9,26.9,1,17,0
PRJ-01467,Rural water supply project 1467,Jal Shakti,Rural water supply,39.9,34.95,87.6,2021-02-23,2025-12-29,59,67,73.5,0,52,1
PRJ-01468,National highways project 1468,Road Transport & Highways,National highways,7.79,5.29,67.9,2024-04-14,2028-05-23,50,29,78.3,7,23,0
PRJ-01469,Urban housing project 1469,Housing & Urban Affairs,Urban housing,9.42,3.44,36.5,2024-08-09,2030-09-07,74,25,33.2,1,3,1
PRJ-01470,Irrigation canals project 1470,Agriculture,Irrigation canals,133.13,26.23,19.7,2025-08-17,2028-12-29,41,13,19.8,4,4,0
PRJ-01471,Metro rail project 1471,Railways,Metro rail,26.05,14.17,54.4,2024-06-29,2030-01-29,68,26,36.9,0,14,0
PRJ-01472,Smart city infra project 1472,Housing & Urban Affairs,Smart city infra,182.47,65.87,36.1,2024-09-01,2030-01-03,65,24,31.6,5,30,0
PRJ-01473,Steel plant expansion project 1473,Steel,Steel plant expansion,152.62,84.55,55.4,2022-07-23,2024-06-12,23,50,59.3,13,0,1
PRJ-01474,Transmission lines project 1474,Power,Transmission lines,64.25,59.3,92.3,2023-09-14,2026-11-27,39,36,91.1,2,2,0
PRJ-01475,Gas pipelines project 1475,Petroleum & Natural Gas,Gas pipelines,14.05,10.2,72.6,2022-01-09,2028-02-07,74,57,81.7,12,1,0
PRJ-01476,Port development project 1476,Shipping,Port development,41.78,43.87,105.0,2021-04-25,2026-02-28,59,65,98.0,15,3,0
PRJ-01477,State highways project 1477,Road Transport & Highways,State highways,635.4,284.02,44.7,2023-04-16,2025-12-01,32,41,47.2,40,21,1
PRJ-01478,Bridges project 1478,Road Transport & Highways,Bridges,120.88,54.76,45.3,2024-06-07,2030-09-04,76,27,36.8,24,2,0
PRJ-01479,Refineries project 1479,Petroleum & Natural Gas,Refineries,5.09,2.75,54.0,2025-06-02,2031-11-28,79,15,62.3,16,1,1
PRJ-01480,Solar parks project 1480,New & Renewable Energy,Solar parks,18.47,7.07,38.3,2026-01-06,2028-10-22,34,8,27.2,7,29,0
PRJ-01481,Transmission lines project 1481,Power,Transmission lines,6.78,1.79,26.4,2021-04-09,2024-04-23,37,66,25.6,1,5,1
PRJ-01482,State highways project 1482,Road Transport & Highways,State highways,8.49,8.18,96.3,2024-10-12,2026-02-04,16,23,98.0,1,4,0
PRJ-01483,Coal mining infra project 1483,Coal,Coal mining infra,29.56,8.07,27.3,2025-11-23,2030-08-29,58,9,26.8,2,6,0
PRJ-01484,Transmission lines project 1484,Power,Transmission lines,55.03,27.57,50.1,2024-08-22,2029-06-27,59,25,53.4,31,22,0
PRJ-01485,Coal mining infra project 1485,Coal,Coal mining infra,134.0,83.62,62.4,2023-05-07,2028-06-09,62,40,81.0,0,23,0
PRJ-01486,Mineral exploration project 1486,Mines,Mineral exploration,62.2,65.31,105.0,2021-01-01,2023-03-22,27,69,98.0,0,4,0
PRJ-01487,Irrigation canals project 1487,Agriculture,Irrigation canals,5.0,1.77,35.4,2026-01-03,2029-06-16,42,8,25.0,11,3,0
PRJ-01488,Rural roads project 1488,Rural Development,Rural roads,85.12,55.67,65.4,2023-06-09,2029-02-07,69,39,69.5,1,7,0
PRJ-01489,Thermal power project 1489,Power,Thermal power,35.72,36.4,101.9,2020-10-16,2026-09-15,72,72,98.0,4,3,0
PRJ-01490,Solar parks project 1490,New & Renewable Energy,Solar parks,307.78,292.39,95.0,2023-02-01,2027-09-08,56,44,94.6,11,6,0
PRJ-01491,Rural roads project 1491,Rural Development,Rural roads,83.78,56.55,67.5,2025-04-06,2028-12-16,45,17,57.6,24,32,0
PRJ-01492,Bridges project 1492,Road Transport & Highways,Bridges,6.06,4.74,78.2,2024-07-31,2025-10-24,15,25,98.0,30,6,0
PRJ-01493,Refineries project 1493,Petroleum & Natural Gas,Refineries,238.18,142.43,59.8,2025-11-25,2028-07-12,32,9,47.9,1,0,0
PRJ-01494,Solar parks project 1494,New & Renewable Energy,Solar parks,206.41,209.92,101.7,2021-10-21,2025-01-03,39,59,98.0,6,3,0
PRJ-01495,Irrigation project 1495,Jal Shakti,Irrigation,14.22,14.93,105.0,2022-07-20,2025-11-01,40,50,98.0,1,6,0
PRJ-01496,Irrigation canals project 1496,Agriculture,Irrigation canals,28.9,7.6,26.3,2025-01-07,2028-10-18,46,20,43.5,15,2,0
PRJ-01497,Mineral exploration project 1497,Mines,Mineral exploration,102.23,60.42,59.1,2023-11-19,2030-03-17,77,34,60.4,2,18,0
PRJ-01498,National highways project 1498,Road Transport & Highways,National highways,26.28,11.75,44.7,2021-05-01,2022-05-26,13,65,41.3,4,54,1
PRJ-01499,Airport terminals project 1499,Civil Aviation,Airport terminals,38.11,11.47,30.1,2021-01-25,2023-05-15,28,68,33.5,7,1,1
PRJ-01500,Mineral exploration project 1500,Mines,Mineral exploration,326.31,201.99,61.9,2025-03-17,2026-04-11,13,18,51.2,7,38,1
PRJ-01501,Irrigation project 1501,Jal Shakti,Irrigation,18.5,7.68,41.5,2024-10-06,2028-12-14,51,23,47.1,5,6,0
PRJ-01502,Mineral exploration project 1502,Mines,Mineral exploration,15.25,5.22,34.2,2024-08-20,2030-01-21,66,25,41.4,8,2,0
PRJ-01503,Refineries project 1503,Petroleum & Natural Gas,Refineries,448.71,234.68,52.3,2021-05-27,2026-01-01,56,64,68.0,6,23,1
PRJ-01504,Coal mining infra project 1504,Coal,Coal mining infra,103.07,65.24,63.3,2024-10-06,2027-12-20,39,23,62.7,3,11,0
PRJ-01505,Coal mining infra project 1505,Coal,Coal mining infra,18.83,6.53,34.7,2024-06-26,2030-11-22,78,27,22.0,2,0,0
PRJ-01506,Steel plant expansion project 1506,Steel,Steel plant expansion,244.46,205.1,83.9,2023-12-14,2026-01-02,25,33,98.0,7,3,0
PRJ-01507,National highways project 1507,Road Transport & Highways,National highways,78.75,59.06,75.0,2023-04-24,2028-02-27,59,41,70.9,2,4,0
PRJ-01508,Optical fibre network project 1508,Telecommunications,Optical fibre network,14.61,2.7,18.5,2022-07-20,2026-06-29,48,50,8.5,12,3,1
PRJ-01509,Urban housing project 1509,Housing & Urban Affairs,Urban housing,84.81,89.05,105.0,2022-05-05,2024-05-24,25,53,98.0,38,8,0
PRJ-01510,Airport terminals project 1510,Civil Aviation,Airport terminals,28.26,20.94,74.1,2025-10-27,2030-05-04,55,10,74.9,3,7,1
PRJ-01511,Rural water supply project 1511,Jal Shakti,Rural water supply,30.13,29.71,98.6,2022-08-03,2026-12-10,53,50,98.0,6,1,0
PRJ-01512,Rural water supply project 1512,Jal Shakti,Rural water supply,55.75,32.17,57.7,2024-09-18,2028-10-27,50,24,50.6,27,57,0
PRJ-01513,Transmission lines project 1513,Power,Transmission lines,287.28,120.37,41.9,2025-05-03,2031-09-29,78,16,28.9,11,4,0
PRJ-01514,Irrigation project 1514,Jal Shakti,Irrigation,385.59,358.98,93.1,2021-02-18,2022-09-11,19,67,98.0,13,1,0
PRJ-01515,Steel plant expansion project 1515,Steel,Steel plant expansion,30.89,20.29,65.7,2023-11-30,2028-03-08,52,34,63.0,0,30,0
PRJ-01516,Irrigation canals project 1516,Agriculture,Irrigation canals,18.11,19.02,105.0,2025-05-24,2026-08-17,15,16,98.0,3,5,0
PRJ-01517,Mineral exploration project 1517,Mines,Mineral exploration,96.46,83.63,86.7,2023-05-23,2027-06-01,49,40,94.5,1,17,0
PRJ-01518,Rural water supply project 1518,Jal Shakti,Rural water supply,36.37,35.53,97.7,2021-02-03,2026-06-07,65,68,98.0,0,7,0
PRJ-01519,Refineries project 1519,Petroleum & Natural Gas,Refineries,125.23,112.71,90.0,2024-01-01,2025-04-25,16,32,98.0,5,34,0
PRJ-01520,Solar parks project 1520,New & Renewable Energy,Solar parks,6.81,5.46,80.2,2022-03-17,2025-03-01,36,54,98.0,7,38,0
PRJ-01521,Smart city infra project 1521,Housing & Urban Affairs,Smart city infra,134.98,117.7,87.2,2022-02-08,2025-05-23,40,56,98.0,7,13,0
PRJ-01522,Irrigation canals project 1522,Agriculture,Irrigation canals,39.95,19.26,48.2,2023-03-08,2029-02-04,72,42,43.7,1,41,1
PRJ-01523,Irrigation canals project 1523,Agriculture,Irrigation canals,93.37,41.36,44.3,2024-03-02,2030-05-30,76,30,41.9,1,29,0
PRJ-01524,Urban housing project 1524,Housing & Urban Affairs,Urban housing,120.4,122.21,101.5,2021-06-09,2024-02-24,33,64,98.0,33,1,0
PRJ-01525,Irrigation canals project 1525,Agriculture,Irrigation canals,66.88,57.45,85.9,2021-04-06,2028-01-30,83,66,74.3,12,5,0
PRJ-01526,Thermal power project 1526,Power,Thermal power,38.62,17.46,45.2,2024-07-13,2026-07-03,24,26,56.1,13,23,1
PRJ-01527,Airport terminals project 1527,Civil Aviation,Airport terminals,23.14,11.43,49.4,2025-06-17,2029-02-26,45,15,42.9,6,1,0
PRJ-01528,Optical fibre network project 1528,Telecommunications,Optical fibre network,482.9,447.17,92.6,2021-11-25,2024-10-10,35,58,98.0,3,1,0
PRJ-01529,Irrigation canals project 1529,Agriculture,Irrigation canals,36.78,34.02,92.5,2021-02-18,2025-07-27,54,67,98.0,2,5,0
PRJ-01530,Mineral exploration project 1530,Mines,Mineral exploration,124.51,84.42,67.8,2025-09-05,2028-12-18,40,12,49.6,11,27,1
PRJ-01531,Rural roads project 1531,Rural Development,Rural roads,166.37,54.4,32.7,2024-12-04,2029-02-11,51,21,34.8,5,16,0
PRJ-01532,Gas pipelines project 1532,Petroleum & Natural Gas,Gas pipelines,139.2,142.96,102.7,2021-10-04,2026-03-12,54,60,98.0,2,24,0
PRJ-01533,Rural roads project 1533,Rural Development,Rural roads,36.78,5.88,16.0,2024-09-19,2028-09-28,49,24,14.0,7,16,1
PRJ-01534,Coal mining infra project 1534,Coal,Coal mining infra,5.0,5.08,101.6,2021-05-28,2023-08-16,27,64,98.0,2,42,0
PRJ-01535,Airport terminals project 1535,Civil Aviation,Airport terminals,84.3,47.21,56.0,2025-11-17,2027-08-09,21,10,52.2,12,1,0
PRJ-01536,Airport terminals project 1536,Civil Aviation,Airport terminals,867.89,904.34,104.2,2021-03-11,2024-02-24,36,67,98.0,14,12,0
PRJ-01537,Port development project 1537,Shipping,Port development,81.82,8.02,9.8,2025-07-04,2030-06-08,60,14,11.8,2,2,0
PRJ-01538,Port development project 1538,Shipping,Port development,158.11,61.5,38.9,2024-07-03,2029-10-05,64,26,42.1,7,0,0
PRJ-01539,State highways project 1539,Road Transport & Highways,State highways,77.37,42.4,54.8,2021-04-18,2023-11-04,31,65,50.9,9,0,1
PRJ-01540,Metro rail project 1540,Railways,Metro rail,31.66,0.0,0.0,2025-01-20,2029-07-28,55,20,2.0,1,4,1
PRJ-01541,Gas pipelines project 1541,Petroleum & Natural Gas,Gas pipelines,131.54,69.72,53.0,2022-12-26,2028-09-25,70,45,61.1,36,2,0
PRJ-01542,Metro rail project 1542,Railways,Metro rail,81.64,70.05,85.8,2024-05-28,2027-04-13,35,28,75.7,7,4,0
PRJ-01543,Bridges project 1543,Road Transport & Highways,Bridges,15.82,11.3,71.4,2023-06-12,2027-11-18,54,39,73.8,1,21,0
PRJ-01544,Mineral exploration project 1544,Mines,Mineral exploration,39.64,8.96,22.6,2025-03-09,2029-06-16,52,18,35.7,0,0,0
PRJ-01545,Mineral exploration project 1545,Mines,Mineral exploration,162.85,126.53,77.7,2025-11-08,2026-11-03,12,10,81.5,13,0,0
PRJ-01546,Coal mining infra project 1546,Coal,Coal mining infra,504.18,384.19,76.2,2024-08-23,2027-10-07,38,25,61.2,14,48,0
PRJ-01547,Thermal power project 1547,Power,Thermal power,101.3,86.81,85.7,2022-12-12,2025-07-29,32,45,98.0,1,18,0
PRJ-01548,Airport terminals project 1548,Civil Aviation,Airport terminals,14.35,4.99,34.8,2021-10-10,2023-08-31,23,60,33.4,34,22,1
PRJ-01549,Metro rail project 1549,Railways,Metro rail,15.76,11.27,71.5,2022-09-25,2028-03-27,67,48,67.0,0,2,0
PRJ-01550,Mineral exploration project 1550,Mines,Mineral exploration,36.91,31.0,84.0,2023-10-09,2028-12-11,63,35,75.0,3,15,0
PRJ-01551,Gas pipelines project 1551,Petroleum & Natural Gas,Gas pipelines,41.59,39.64,95.3,2020-10-07,2026-10-06,73,72,98.0,0,11,0
PRJ-01552,Refineries project 1552,Petroleum & Natural Gas,Refineries,277.66,89.13,32.1,2026-02-25,2027-06-20,16,6,39.2,15,13,0
PRJ-01553,Optical fibre network project 1553,Telecommunications,Optical fibre network,152.55,76.73,50.3,2025-01-22,2029-11-27,59,20,40.6,9,18,0
PRJ-01554,National highways project 1554,Road Transport & Highways,National highways,189.92,199.42,105.0,2021-03-06,2025-07-13,53,67,98.0,18,0,0
PRJ-01555,Port development project 1555,Shipping,Port development,17.49,18.36,105.0,2025-02-09,2026-04-05,14,19,98.0,27,0,0
PRJ-01556,Irrigation canals project 1556,Agriculture,Irrigation canals,5.0,1.15,23.0,2026-02-26,2029-09-08,43,6,20.3,0,20,0
PRJ-01557,Irrigation project 1557,Jal Shakti,Irrigation,26.65,26.44,99.2,2022-04-16,2026-11-21,56,53,98.0,1,25,0
PRJ-01558,Urban housing project 1558,Housing & Urban Affairs,Urban housing,12.67,7.51,59.3,2025-06-15,2027-07-05,25,15,79.9,4,9,1
PRJ-01559,Refineries project 1559,Petroleum & Natural Gas,Refineries,51.89,49.19,94.8,2023-05-11,2027-07-19,51,40,81.8,5,11,0
PRJ-01560,Thermal power project 1560,Power,Thermal power,44.08,28.7,65.1,2025-10-24,2027-03-18,17,10,67.6,0,12,0
PRJ-01561,Urban housing project 1561,Housing & Urban Affairs,Urban housing,110.99,100.11,90.2,2020-11-10,2024-11-19,49,71,98.0,10,5,0
PRJ-01562,Coal mining infra project 1562,Coal,Coal mining infra,80.77,76.0,94.1,2022-02-05,2028-07-03,78,56,91.0,10,2,0
PRJ-01563,Steel plant expansion project 1563,Steel,Steel plant expansion,200.11,171.69,85.8,2023-03-29,2027-10-04,55,42,94.8,4,17,0
PRJ-01564,Gas pipelines project 1564,Petroleum & Natural Gas,Gas pipelines,14.52,15.25,105.0,2021-03-14,2023-08-01,29,67,98.0,1,2,0
PRJ-01565,Smart city infra project 1565,Housing & Urban Affairs,Smart city infra,41.14,31.1,75.6,2021-02-14,2027-03-15,74,68,73.7,2,3,1
PRJ-01566,Rural roads project 1566,Rural Development,Rural roads,563.94,526.72,93.4,2021-12-21,2024-12-05,36,57,98.0,8,17,0
PRJ-01567,Thermal power project 1567,Power,Thermal power,27.6,9.44,34.2,2020-11-11,2026-01-14,63,71,33.1,0,4,1
PRJ-01568,National highways project 1568,Road Transport & Highways,National highways,22.84,13.11,57.4,2024-11-24,2028-03-08,40,22,66.6,11,16,0
PRJ-01569,Metro rail project 1569,Railways,Metro rail,12.05,12.36,102.6,2024-12-29,2026-02-22,14,20,98.0,5,13,0
PRJ-01570,Solar parks project 1570,New & Renewable Energy,Solar parks,774.9,813.64,105.0,2023-05-08,2026-01-22,33,40,98.0,10,11,0
PRJ-01571,Rail track doubling project 1571,Railways,Rail track doubling,91.76,9.27,10.1,2024-02-15,2025-06-09,16,31,10.9,21,16,1
PRJ-01572,Refineries project 1572,Petroleum & Natural Gas,Refineries,26.81,14.75,55.0,2021-04-06,2024-11-16,44,66,40.9,16,4,1
PRJ-01573,Optical fibre network project 1573,Telecommunications,Optical fibre network,44.9,20.34,45.3,2022-09-07,2024-02-29,18,49,47.5,8,14,1
PRJ-01574,Steel plant expansion project 1574,Steel,Steel plant expansion,75.13,36.74,48.9,2025-11-28,2027-12-18,25,9,43.2,0,31,0
PRJ-01575,Mineral exploration project 1575,Mines,Mineral exploration,120.88,24.9,20.6,2021-06-28,2022-08-22,14,63,31.6,6,11,1
PRJ-01576,State highways project 1576,Road Transport & Highways,State highways,33.08,20.34,61.5,2022-04-24,2024-06-12,26,53,59.9,5,16,1
PRJ-01577,Gas pipelines project 1577,Petroleum & Natural Gas,Gas pipelines,210.87,92.36,43.8,2023-09-09,2028-08-13,60,36,39.5,5,1,1
PRJ-01578,Rail track doubling project 1578,Railways,Rail track doubling,26.58,10.26,38.6,2023-02-10,2026-09-22,44,43,40.9,3,0,1
PRJ-01579,Airport terminals project 1579,Civil Aviation,Airport terminals,240.86,210.03,87.2,2022-03-30,2024-10-15,31,54,98.0,3,1,0
PRJ-01580,Transmission lines project 1580,Power,Transmission lines,13.43,12.85,95.7,2022-04-13,2023-05-08,13,53,88.0,7,32,1
PRJ-01581,Urban housing project 1581,Housing & Urban Affairs,Urban housing,18.93,16.39,86.6,2023-10-27,2025-10-16,24,35,98.0,10,7,0
PRJ-01582,Irrigation canals project 1582,Agriculture,Irrigation canals,13.25,12.71,95.9,2023-04-06,2027-01-15,46,42,98.0,20,27,0
PRJ-01583,Steel plant expansion project 1583,Steel,Steel plant expansion,39.64,36.19,91.3,2022-10-13,2025-03-01,29,47,98.0,6,4,0
PRJ-01584,Gas pipelines project 1584,Petroleum & Natural Gas,Gas pipelines,125.95,105.17,83.5,2021-07-09,2023-07-29,25,63,85.7,24,6,1
PRJ-01585,Port development project 1585,Shipping,Port development,27.86,16.21,58.2,2022-02-23,2024-05-13,27,55,53.9,9,3,1
PRJ-01586,Urban housing project 1586,Housing & Urban Affairs,Urban housing,50.45,27.95,55.4,2025-07-16,2027-08-05,25,14,47.9,7,0,0
PRJ-01587,Airport terminals project 1587,Civil Aviation,Airport terminals,123.3,63.13,51.2,2025-01-24,2028-02-08,37,20,61.6,1,32,0
PRJ-01588,Rural water supply project 1588,Jal Shakti,Rural water supply,147.11,110.77,75.3,2021-07-08,2027-12-04,78,63,83.3,0,2,0
PRJ-01589,Transmission lines project 1589,Power,Transmission lines,14.13,8.18,57.9,2024-03-03,2029-06-05,64,30,50.4,2,2,0
PRJ-01590,Urban housing project 1590,Housing & Urban Affairs,Urban housing,164.06,141.75,86.4,2025-04-12,2026-09-04,17,17,98.0,6,3,0
PRJ-01591,Optical fibre network project 1591,Telecommunications,Optical fibre network,69.72,73.21,105.0,2023-05-25,2026-07-08,38,40,98.0,2,4,0
PRJ-01592,Airport terminals project 1592,Civil Aviation,Airport terminals,146.02,84.11,57.6,2024-04-28,2027-10-10,42,29,68.8,7,38,0
PRJ-01593,National highways project 1593,Road Transport & Highways,National highways,5.0,1.1,22.1,2026-02-08,2027-12-30,23,7,27.2,5,10,0
PRJ-01594,Rail track doubling project 1594,Railways,Rail track doubling,335.34,249.83,74.5,2021-06-30,2027-08-28,75,63,85.0,17,13,1
PRJ-01595,Metro rail project 1595,Railways,Metro rail,10.54,6.48,61.5,2020-11-08,2022-09-29,23,71,32.4,11,1,1
PRJ-01596,Port development project 1596,Shipping,Port development,48.59,32.75,67.4,2025-10-04,2027-09-24,24,11,56.0,2,8,0
PRJ-01597,Rural water supply project 1597,Jal Shakti,Rural water supply,22.49,23.32,103.7,2022-07-26,2025-12-07,41,50,98.0,5,0,0
PRJ-01598,Coal mining infra project 1598,Coal,Coal mining infra,441.94,464.04,105.0,2020-09-12,2024-09-21,49,73,98.0,13,41,0
PRJ-01599,Rural water supply project 1599,Jal Shakti,Rural water supply,66.63,60.7,91.1,2023-07-30,2025-01-20,18,38,98.0,3,24,0
PRJ-01600,Rail track doubling project 1600,Railways,Rail track doubling,41.74,3.42,8.2,2021-08-14,2024-05-30,34,62,28.2,22,8,1
PRJ-01601,State highways project 1601,Road Transport & Highways,State highways,312.2,319.38,102.3,2021-05-26,2025-06-04,49,64,98.0,4,12,0
PRJ-01602,Rural roads project 1602,Rural Development,Rural roads,121.27,18.31,15.1,2021-09-07,2025-12-15,52,61,25.0,0,13,1
PRJ-01603,Gas pipelines project 1603,Petroleum & Natural Gas,Gas pipelines,20.86,13.85,66.4,2022-01-14,2024-03-04,26,56,68.2,6,11,1
PRJ-01604,Rail track doubling project 1604,Railways,Rail track doubling,28.95,30.4,105.0,2021-05-28,2022-10-20,17,64,98.0,9,75,0
PRJ-01605,National highways project 1605,Road Transport & Highways,National highways,35.8,25.85,72.2,2021-05-27,2023-10-14,29,64,77.4,0,11,1
PRJ-01606,Irrigation canals project 1606,Agriculture,Irrigation canals,68.44,68.1,99.5,2022-07-20,2025-04-05,33,50,98.0,20,0,0
PRJ-01607,Smart city infra project 1607,Housing & Urban Affairs,Smart city infra,132.48,68.89,52.0,2024-03-04,2029-10-04,68,30,54.6,1,34,0
PRJ-01608,Steel plant expansion project 1608,Steel,Steel plant expansion,65.46,64.35,98.3,2024-09-03,2026-07-25,23,24,98.0,0,1,0
PRJ-01609,Rural roads project 1609,Rural Development,Rural roads,143.8,139.2,96.8,2021-08-10,2026-02-15,55,62,98.0,9,43,0
PRJ-01610,Thermal power project 1610,Power,Thermal power,93.99,36.84,39.2,2025-07-16,2030-09-18,63,14,35.2,8,9,0
PRJ-01611,Refineries project 1611,Petroleum & Natural Gas,Refineries,104.51,105.66,101.1,2020-10-13,2026-07-14,70,72,98.0,6,9,0
PRJ-01612,Rural water supply project 1612,Jal Shakti,Rural water supply,32.78,26.06,79.5,2021-06-29,2026-07-03,61,63,98.0,2,1,0
PRJ-01613,Airport terminals project 1613,Civil Aviation,Airport terminals,76.25,78.16,102.5,2021-09-10,2027-01-12,65,61,98.0,6,6,0
PRJ-01614,Mineral exploration project 1614,Mines,Mineral exploration,116.99,33.11,28.3,2021-03-18,2023-12-03,33,66,23.5,14,9,1
PRJ-01615,Rail track doubling project 1615,Railways,Rail track doubling,67.97,54.04,79.5,2025-06-08,2026-12-30,19,15,84.7,21,3,0
PRJ-01616,Thermal power project 1616,Power,Thermal power,206.17,55.05,26.7,2025-08-06,2030-12-08,65,13,24.5,2,11,0
PRJ-01617,Solar parks project 1617,New & Renewable Energy,Solar parks,290.85,165.49,56.9,2023-06-22,2030-05-16,84,39,59.7,19,2,0
PRJ-01618,Irrigation canals project 1618,Agriculture,Irrigation canals,150.74,154.51,102.5,2023-09-21,2026-08-06,35,36,98.0,7,34,0
PRJ-01619,Steel plant expansion project 1619,Steel,Steel plant expansion,24.36,15.1,62.0,2024-01-19,2028-09-24,57,32,62.7,5,14,0
PRJ-01620,Steel plant expansion project 1620,Steel,Steel plant expansion,12.97,3.66,28.2,2026-01-06,2028-04-25,28,8,32.3,3,7,0
PRJ-01621,Airport terminals project 1621,Civil Aviation,Airport terminals,28.6,30.03,105.0,2021-01-07,2027-02-05,74,69,98.0,1,5,0
PRJ-01622,Rail track doubling project 1622,Railways,Rail track doubling,34.36,23.78,69.2,2021-03-15,2026-06-17,64,67,84.6,5,8,1
PRJ-01623,Coal mining infra project 1623,Coal,Coal mining infra,127.71,61.68,48.3,2025-12-02,2027-07-25,20,9,47.1,25,0,0
PRJ-01624,Rural water supply project 1624,Jal Shakti,Rural water supply,19.52,16.75,85.8,2022-07-04,2026-10-11,52,51,80.2,0,2,1
PRJ-01625,National highways project 1625,Road Transport & Highways,National highways,17.81,11.58,65.0,2022-03-25,2028-09-19,79,54,67.2,7,1,0
PRJ-01626,Solar parks project 1626,New & Renewable Energy,Solar parks,74.56,54.35,72.9,2022-02-13,2029-01-07,84,55,64.2,7,0,0
PRJ-01627,Irrigation project 1627,Jal Shakti,Irrigation,53.34,54.14,101.5,2020-09-11,2025-03-19,55,73,92.0,19,9,1
PRJ-01628,Port development project 1628,Shipping,Port development,45.47,38.56,84.8,2023-03-31,2025-03-20,24,42,98.0,0,14,0
PRJ-01629,Gas pipelines project 1629,Petroleum & Natural Gas,Gas pipelines,5.0,4.47,89.4,2022-06-20,2025-12-31,43,51,98.0,3,17,0
PRJ-01630,Airport terminals project 1630,Civil Aviation,Airport terminals,7.39,3.0,40.6,2024-03-28,2029-04-01,61,30,54.3,5,22,0
PRJ-01631,Metro rail project 1631,Railways,Metro rail,38.55,35.47,92.0,2021-06-22,2028-04-16,83,63,90.1,0,66,0
PRJ-01632,Steel plant expansion project 1632,Steel,Steel plant expansion,5.0,4.99,99.8,2025-11-15,2026-12-10,13,10,95.0,1,20,1
PRJ-01633,Mineral exploration project 1633,Mines,Mineral exploration,202.63,198.37,97.9,2020-12-09,2023-07-27,32,70,98.0,7,13,0
PRJ-01634,Port development project 1634,Shipping,Port development,38.04,0.99,2.6,2021-06-02,2027-05-02,72,64,6.5,20,13,1
PRJ-01635,Airport terminals project 1635,Civil Aviation,Airport terminals,38.5,38.42,99.8,2021-04-21,2024-01-06,33,65,98.0,4,6,0
PRJ-01636,Bridges project 1636,Road Transport & Highways,Bridges,35.78,24.04,67.2,2021-12-19,2028-01-17,74,57,69.8,10,0,1
PRJ-01637,Smart city infra project 1637,Housing & Urban Affairs,Smart city infra,125.56,51.1,40.7,2024-10-29,2029-04-06,54,22,43.0,2,1,0
PRJ-01638,Rural water supply project 1638,Jal Shakti,Rural water supply,262.79,18.66,7.1,2025-11-23,2032-02-20,76,9,19.2,8,7,0
PRJ-01639,Irrigation project 1639,Jal Shakti,Irrigation,38.13,24.52,64.3,2023-02-03,2028-01-08,60,44,72.8,3,1,0
PRJ-01640,Refineries project 1640,Petroleum & Natural Gas,Refineries,45.44,38.94,85.7,2021-08-06,2025-01-17,42,62,98.0,1,15,0
PRJ-01641,Bridges project 1641,Road Transport & Highways,Bridges,131.79,60.49,45.9,2023-08-09,2029-03-10,68,37,55.4,0,2,0
PRJ-01642,Solar parks project 1642,New & Renewable Energy,Solar parks,511.82,537.41,105.0,2023-09-01,2025-07-22,23,37,98.0,3,23,0
PRJ-01643,Airport terminals project 1643,Civil Aviation,Airport terminals,11.72,9.6,81.9,2023-09-03,2027-12-11,52,36,72.3,6,4,0
PRJ-01644,Rail track doubling project 1644,Railways,Rail track doubling,85.61,89.89,105.0,2020-09-05,2026-11-03,75,73,95.5,0,1,0
PRJ-01645,Mineral exploration project 1645,Mines,Mineral exploration,9.64,5.65,58.6,2026-01-29,2028-02-18,25,7,45.3,6,9,0
PRJ-01646,Refineries project 1646,Petroleum & Natural Gas,Refineries,5.37,3.64,67.8,2023-11-13,2025-03-07,16,34,45.0,4,1,1
PRJ-01647,Optical fibre network project 1647,Telecommunications,Optical fibre network,58.93,20.68,35.1,2023-02-06,2024-02-01,12,43,22.4,17,10,1
PRJ-01648,Bridges project 1648,Road Transport & Highways,Bridges,880.75,757.44,86.0,2021-09-27,2025-11-05,50,60,98.0,0,38,0
PRJ-01649,Port development project 1649,Shipping,Port development,32.07,29.73,92.7,2023-01-10,2026-02-23,38,44,98.0,5,23,0
PRJ-01650,Mineral exploration project 1650,Mines,Mineral exploration,20.82,15.95,76.6,2022-05-31,2028-02-29,70,52,78.6,3,13,0
PRJ-01651,Smart city infra project 1651,Housing & Urban Affairs,Smart city infra,6.27,1.15,18.3,2024-02-21,2025-08-14,18,31,46.4,6,27,1
PRJ-01652,Irrigation project 1652,Jal Shakti,Irrigation,146.64,22.73,15.5,2021-06-11,2027-03-12,70,64,24.2,8,5,1
PRJ-01653,Smart city infra project 1653,Housing & Urban Affairs,Smart city infra,12.34,8.1,65.6,2023-01-14,2028-12-13,72,44,68.3,3,20,0
PRJ-01654,Irrigation canals project 1654,Agriculture,Irrigation canals,307.2,158.21,51.5,2024-02-21,2029-10-22,69,31,29.4,2,10,1
PRJ-01655,Rail track doubling project 1655,Railways,Rail track doubling,356.34,184.23,51.7,2025-08-19,2028-12-01,40,13,35.4,0,7,1
PRJ-01656,National highways project 1656,Road Transport & Highways,National highways,211.51,83.76,39.6,2024-04-06,2028-12-11,57,29,46.8,1,26,0
PRJ-01657,Mineral exploration project 1657,Mines,Mineral exploration,16.2,2.12,13.1,2020-10-08,2024-10-17,49,72,35.3,0,3,1
PRJ-01658,Optical fibre network project 1658,Telecommunications,Optical fibre network,348.73,240.27,68.9,2023-04-02,2028-02-05,59,42,69.7,17,38,0
PRJ-01659,Rail track doubling project 1659,Railways,Rail track doubling,103.22,65.85,63.8,2025-12-03,2028-08-19,33,9,55.0,21,24,1
PRJ-01660,Airport terminals project 1660,Civil Aviation,Airport terminals,31.26,6.56,21.0,2025-05-23,2030-08-25,64,16,24.2,11,32,0
PRJ-01661,Rail track doubling project 1661,Railways,Rail track doubling,84.59,58.79,69.5,2024-10-02,2027-10-17,37,23,76.2,3,23,0
PRJ-01662,Transmission lines project 1662,Power,Transmission lines,5.0,1.44,28.7,2025-07-02,2030-08-05,62,14,21.3,11,26,0
PRJ-01663,Transmission lines project 1663,Power,Transmission lines,352.76,370.4,105.0,2023-08-13,2026-07-28,36,37,98.0,14,26,0
PRJ-01664,Smart city infra project 1664,Housing & Urban Affairs,Smart city infra,45.46,11.0,24.2,2025-07-29,2030-11-30,65,13,35.3,14,16,1
PRJ-01665,State highways project 1665,Road Transport & Highways,State highways,223.67,184.98,82.7,2020-12-25,2023-03-15,27,69,98.0,6,2,0
PRJ-01666,Coal mining infra project 1666,Coal,Coal mining infra,9.77,6.46,66.1,2023-08-13,2029-11-09,76,37,48.2,3,24,0
PRJ-01667,Metro rail project 1667,Railways,Metro rail,23.95,24.29,101.4,2020-10-10,2026-12-08,75,72,98.0,12,3,0
PRJ-01668,National highways project 1668,Road Transport & Highways,National highways,286.68,217.02,75.7,2023-03-16,2024-09-06,18,42,80.2,1,5,1
PRJ-01669,Optical fibre network project 1669,Telecommunications,Optical fibre network,430.18,432.33,100.5,2020-12-07,2026-06-09,67,70,98.0,2,4,0
PRJ-01670,Solar parks project 1670,New & Renewable Energy,Solar parks,55.5,37.18,67.0,2023-06-21,2029-10-17,77,39,42.7,23,31,0
PRJ-01671,Thermal power project 1671,Power,Thermal power,21.44,14.77,68.9,2022-04-20,2025-02-03,34,53,67.1,4,21,1
PRJ-01672,Metro rail project 1672,Railways,Metro rail,109.91,0.0,0.0,2025-08-06,2030-08-10,61,13,13.0,0,4,0
PRJ-01673,Irrigation canals project 1673,Agriculture,Irrigation canals,7.93,7.8,98.3,2022-10-24,2027-03-02,53,47,89.6,3,7,0
PRJ-01674,Port development project 1674,Shipping,Port development,48.99,48.79,99.6,2021-03-27,2026-03-31,61,66,98.0,9,1,0
PRJ-01675,Gas pipelines project 1675,Petroleum & Natural Gas,Gas pipelines,131.31,64.74,49.3,2020-09-07,2024-03-20,43,73,36.6,13,2,1
PRJ-01676,Rural water supply project 1676,Jal Shakti,Rural water supply,44.98,23.34,51.9,2023-12-13,2028-06-19,55,33,68.6,5,9,1
PRJ-01677,Urban housing project 1677,Housing & Urban Affairs,Urban housing,10.38,10.9,105.0,2023-08-22,2026-01-08,29,37,98.0,2,9,0
PRJ-01678,Metro rail project 1678,Railways,Metro rail,27.06,12.56,46.4,2023-11-12,2030-03-10,77,34,41.9,5,1,0
PRJ-01679,Urban housing project 1679,Housing & Urban Affairs,Urban housing,153.03,32.9,21.5,2021-06-14,2028-03-09,82,64,36.3,2,30,1
PRJ-01680,Smart city infra project 1680,Housing & Urban Affairs,Smart city infra,57.25,32.58,56.9,2022-03-10,2028-12-03,82,55,71.0,4,8,0
PRJ-01681,Mineral exploration project 1681,Mines,Mineral exploration,473.81,335.93,70.9,2024-12-16,2027-12-31,37,21,69.5,2,4,0
PRJ-01682,Transmission lines project 1682,Power,Transmission lines,63.92,24.55,38.4,2022-09-05,2026-09-14,49,49,38.9,10,0,1
PRJ-01683,Irrigation canals project 1683,Agriculture,Irrigation canals,5.68,4.71,82.9,2024-03-29,2026-07-17,28,30,94.2,14,8,0
PRJ-01684,Mineral exploration project 1684,Mines,Mineral exploration,340.76,301.23,88.4,2020-09-16,2023-07-03,34,73,98.0,15,13,0
PRJ-01685,Port development project 1685,Shipping,Port development,5.0,5.25,105.0,2023-02-19,2027-06-28,53,43,96.0,8,15,0
PRJ-01686,Rail track doubling project 1686,Railways,Rail track doubling,99.19,98.99,99.8,2021-11-29,2026-08-05,57,58,86.2,9,42,1
PRJ-01687,Optical fibre network project 1687,Telecommunications,Optical fibre network,13.19,8.86,67.2,2023-06-27,2028-10-28,65,39,59.1,1,11,0
PRJ-01688,Irrigation canals project 1688,Agriculture,Irrigation canals,45.27,35.17,77.7,2021-12-26,2028-07-22,80,57,80.8,16,23,0
PRJ-01689,Urban housing project 1689,Housing & Urban Affairs,Urban housing,47.64,45.35,95.2,2021-04-04,2026-09-05,66,66,98.0,28,7,0
PRJ-01690,National highways project 1690,Road Transport & Highways,National highways,110.46,108.91,98.6,2023-04-01,2025-04-20,25,42,98.0,15,2,0
PRJ-01691,National highways project 1691,Road Transport & Highways,National highways,97.23,95.19,97.9,2024-01-16,2026-07-04,30,32,98.0,2,17,0
PRJ-01692,State highways project 1692,Road Transport & Highways,State highways,116.45,105.5,90.6,2022-06-03,2023-12-25,19,52,98.0,0,1,0
PRJ-01693,Transmission lines project 1693,Power,Transmission lines,75.55,54.02,71.5,2024-09-06,2027-04-24,32,24,72.1,10,9,0
PRJ-01694,Urban housing project 1694,Housing & Urban Affairs,Urban housing,40.14,38.41,95.7,2022-05-07,2025-12-17,44,53,98.0,1,2,0
PRJ-01695,Metro rail project 1695,Railways,Metro rail,431.22,325.57,75.5,2021-06-21,2023-01-12,19,63,77.9,3,3,1
PRJ-01696,Urban housing project 1696,Housing & Urban Affairs,Urban housing,34.02,10.41,30.6,2025-01-13,2031-09-09,81,20,31.6,1,18,0
PRJ-01697,State highways project 1697,Road Transport & Highways,State highways,22.69,9.82,43.3,2024-03-02,2029-11-01,69,30,45.4,19,12,0
PRJ-01698,Rail track doubling project 1698,Railways,Rail track doubling,26.58,21.56,81.1,2022-09-22,2029-07-17,83,48,72.1,3,2,0
PRJ-01699,Irrigation project 1699,Jal Shakti,Irrigation,51.1,32.19,63.0,2022-01-06,2028-10-31,83,57,76.2,2,4,0
PRJ-01700,Refineries project 1700,Petroleum & Natural Gas,Refineries,36.87,11.43,31.0,2024-11-05,2031-03-04,77,22,31.3,4,45,1
PRJ-01701,Urban housing project 1701,Housing & Urban Affairs,Urban housing,62.48,22.99,36.8,2022-04-17,2023-10-09,18,53,30.8,0,10,1
PRJ-01702,Refineries project 1702,Petroleum & Natural Gas,Refineries,139.41,83.09,59.6,2024-01-03,2029-05-06,65,32,53.1,12,10,0
PRJ-01703,Irrigation canals project 1703,Agriculture,Irrigation canals,158.76,14.76,9.3,2024-06-04,2031-02-28,82,27,18.2,43,3,1
PRJ-01704,State highways project 1704,Road Transport & Highways,State highways,171.42,35.31,20.6,2026-02-08,2029-09-20,44,7,12.3,0,3,0
PRJ-01705,Transmission lines project 1705,Power,Transmission lines,368.92,298.83,81.0,2022-09-13,2028-04-14,68,48,76.3,16,28,0
PRJ-01706,Irrigation project 1706,Jal Shakti,Irrigation,426.19,374.19,87.8,2021-01-25,2025-11-30,59,68,98.0,1,1,0
PRJ-01707,Solar parks project 1707,New & Renewable Energy,Solar parks,20.0,16.18,80.9,2023-02-11,2026-02-25,37,43,98.0,7,12,0
PRJ-01708,Transmission lines project 1708,Power,Transmission lines,61.17,23.86,39.0,2024-07-12,2030-03-13,69,26,55.1,2,3,0
PRJ-01709,Thermal power project 1709,Power,Thermal power,23.56,5.09,21.6,2022-05-08,2024-01-28,21,53,24.5,0,13,1
PRJ-01710,Thermal power project 1710,Power,Thermal power,111.55,41.16,36.9,2020-10-12,2023-07-29,34,72,33.1,14,8,1
PRJ-01711,Port development project 1711,Shipping,Port development,24.47,10.67,43.6,2025-07-05,2030-06-09,60,14,25.1,4,9,0
PRJ-01712,State highways project 1712,Road Transport & Highways,State highways,92.09,83.43,90.6,2023-10-11,2027-08-21,47,35,80.0,0,6,0
PRJ-01713,Optical fibre network project 1713,Telecommunications,Optical fibre network,15.61,16.39,105.0,2024-09-11,2026-12-30,28,24,98.0,2,19,0
PRJ-01714,Thermal power project 1714,Power,Thermal power,162.71,137.0,84.2,2022-11-26,2026-07-08,44,46,98.0,4,25,0
PRJ-01715,National highways project 1715,Road Transport & Highways,National highways,27.89,13.92,49.9,2024-04-29,2030-02-27,71,29,48.6,5,7,0
PRJ-01716,Metro rail project 1716,Railways,Metro rail,1016.78,566.35,55.7,2025-12-15,2028-07-02,31,9,49.8,0,0,1
PRJ-01717,Smart city infra project 1717,Housing & Urban Affairs,Smart city infra,152.29,146.5,96.2,2022-10-31,2024-04-23,18,47,98.0,11,9,0
PRJ-01718,Mineral exploration project 1718,Mines,Mineral exploration,189.25,175.06,92.5,2022-09-23,2026-11-01,50,48,98.0,1,20,0
PRJ-01719,Airport terminals project 1719,Civil Aviation,Airport terminals,274.8,220.66,80.3,2021-10-01,2028-06-26,82,60,74.9,5,22,0
PRJ-01720,Rural roads project 1720,Rural Development,Rural roads,90.94,35.01,38.5,2025-10-08,2030-01-15,52,11,32.3,17,16,0
PRJ-01721,Port development project 1721,Shipping,Port development,58.76,16.98,28.9,2024-12-11,2027-10-27,35,21,33.1,1,9,1
PRJ-01722,Port development project 1722,Shipping,Port development,6.84,3.29,48.1,2025-10-18,2032-01-15,76,11,46.0,17,2,1
PRJ-01723,Thermal power project 1723,Power,Thermal power,282.58,101.16,35.8,2023-11-06,2030-07-02,81,34,43.2,4,1,0
PRJ-01724,Optical fibre network project 1724,Telecommunications,Optical fibre network,27.93,11.81,42.3,2023-12-01,2025-10-21,23,34,67.1,19,27,1
PRJ-01725,Rural roads project 1725,Rural Development,Rural roads,53.16,25.04,47.1,2024-12-08,2028-02-21,39,21,63.3,8,32,0
PRJ-01726,Irrigation canals project 1726,Agriculture,Irrigation canals,10.22,6.36,62.2,2024-04-26,2028-10-02,54,29,60.0,6,2,0
PRJ-01727,Rural roads project 1727,Rural Development,Rural roads,7.63,4.18,54.8,2024-07-13,2027-09-26,39,26,64.6,0,38,0
PRJ-01728,Steel plant expansion project 1728,Steel,Steel plant expansion,29.25,6.9,23.6,2023-03-16,2029-02-12,72,42,19.8,0,5,1
PRJ-01729,Optical fibre network project 1729,Telecommunications,Optical fibre network,49.8,33.96,68.2,2021-07-24,2022-08-18,13,62,74.1,19,0,1
PRJ-01730,Rail track doubling project 1730,Railways,Rail track doubling,92.68,96.11,103.7,2022-06-06,2027-01-11,56,52,96.3,5,10,0
PRJ-01731,Coal mining infra project 1731,Coal,Coal mining infra,110.31,61.11,55.4,2024-10-30,2028-05-12,43,22,62.8,14,3,0
PRJ-01732,State highways project 1732,Road Transport & Highways,State highways,99.62,83.78,84.1,2022-05-09,2026-09-15,53,53,98.0,2,5,0
PRJ-01733,Refineries project 1733,Petroleum & Natural Gas,Refineries,348.05,273.57,78.6,2021-01-16,2023-03-07,26,68,74.5,17,4,1
PRJ-01734,Refineries project 1734,Petroleum & Natural Gas,Refineries,156.98,66.25,42.2,2024-09-27,2031-05-24,81,24,52.5,1,0,1
PRJ-01735,Urban housing project 1735,Housing & Urban Affairs,Urban housing,32.5,6.96,21.4,2026-01-15,2032-06-12,78,8,5.8,0,13,0
PRJ-01736,Rural roads project 1736,Rural Development,Rural roads,10.75,7.26,67.5,2023-04-18,2029-08-14,77,41,55.4,15,50,0
PRJ-01737,Coal mining infra project 1737,Coal,Coal mining infra,5.0,4.98,99.6,2023-06-14,2024-11-05,17,39,98.0,11,19,0
PRJ-01738,Urban housing project 1738,Housing & Urban Affairs,Urban housing,89.64,94.12,105.0,2021-02-21,2024-02-06,36,67,98.0,1,1,0
PRJ-01739,Smart city infra project 1739,Housing & Urban Affairs,Smart city infra,161.11,136.3,84.6,2023-04-19,2025-02-07,22,41,98.0,1,16,0
PRJ-01740,Rail track doubling project 1740,Railways,Rail track doubling,142.97,67.48,47.2,2025-03-29,2031-10-24,80,17,30.2,3,44,0
PRJ-01741,Optical fibre network project 1741,Telecommunications,Optical fibre network,156.73,25.08,16.0,2026-02-19,2027-10-12,20,6,26.9,9,18,0
PRJ-01742,Transmission lines project 1742,Power,Transmission lines,135.51,138.22,102.0,2022-06-03,2025-08-16,39,52,98.0,2,9,0
PRJ-01743,Irrigation canals project 1743,Agriculture,Irrigation canals,19.16,6.97,36.4,2023-10-20,2025-11-08,25,35,21.7,3,12,1
PRJ-01744,Transmission lines project 1744,Power,Transmission lines,398.45,254.61,63.9,2023-03-01,2028-08-31,67,43,71.8,10,3,0
PRJ-01745,Mineral exploration project 1745,Mines,Mineral exploration,60.57,21.38,35.3,2021-08-07,2023-04-29,21,62,24.2,4,4,1
PRJ-01746,Irrigation canals project 1746,Agriculture,Irrigation canals,82.95,87.1,105.0,2025-04-26,2026-07-20,15,16,98.0,6,7,0
PRJ-01747,Coal mining infra project 1747,Coal,Coal mining infra,1273.71,1234.22,96.9,2022-02-27,2026-08-05,54,55,98.0,8,12,0
PRJ-01748,State highways project 1748,Road Transport & Highways,State highways,48.64,35.65,73.3,2025-09-08,2027-05-31,21,12,70.3,1,0,0
PRJ-01749,State highways project 1749,Road Transport & Highways,State highways,41.67,20.04,48.1,2025-03-07,2028-10-17,44,18,52.0,5,2,0
PRJ-01750,Optical fibre network project 1750,Telecommunications,Optical fibre network,322.4,118.0,36.6,2025-10-13,2029-02-24,41,11,28.9,0,10,0
PRJ-01751,Rural water supply project 1751,Jal Shakti,Rural water supply,54.13,36.0,66.5,2023-11-23,2028-11-26,61,34,58.0,0,9,0
PRJ-01752,Coal mining infra project 1752,Coal,Coal mining infra,10.4,9.58,92.1,2022-08-24,2027-10-27,63,49,73.5,27,0,0
PRJ-01753,Gas pipelines project 1753,Petroleum & Natural Gas,Gas pipelines,393.56,189.3,48.1,2024-05-28,2025-07-22,14,28,54.0,0,15,1
PRJ-01754,Refineries project 1754,Petroleum & Natural Gas,Refineries,13.64,14.05,103.0,2022-05-28,2024-08-15,27,52,98.0,17,12,0
PRJ-01755,Optical fibre network project 1755,Telecommunications,Optical fibre network,280.29,151.36,54.0,2026-02-22,2027-10-15,20,6,57.8,20,5,1
PRJ-01756,Solar parks project 1756,New & Renewable Energy,Solar parks,35.97,18.13,50.4,2025-12-03,2027-08-25,21,9,47.6,5,8,0
PRJ-01757,Rural roads project 1757,Rural Development,Rural roads,2273.92,1027.81,45.2,2020-12-22,2027-03-21,76,69,51.1,5,2,1
PRJ-01758,Rail track doubling project 1758,Railways,Rail track doubling,73.59,48.05,65.3,2024-07-21,2028-08-29,50,26,69.3,1,1,0
PRJ-01759,Steel plant expansion project 1759,Steel,Steel plant expansion,360.14,110.56,30.7,2025-09-10,2029-08-20,48,12,31.7,13,1,0
PRJ-01760,Coal mining infra project 1760,Coal,Coal mining infra,56.21,38.56,68.6,2024-01-15,2029-02-17,62,32,60.9,14,2,0
PRJ-01761,Irrigation canals project 1761,Agriculture,Irrigation canals,44.88,0.81,1.8,2026-01-02,2031-12-02,72,8,12.4,5,2,0
PRJ-01762,Thermal power project 1762,Power,Thermal power,32.18,32.05,99.6,2023-03-10,2026-06-22,40,42,98.0,5,12,0
PRJ-01763,Metro rail project 1763,Railways,Metro rail,276.7,273.93,99.0,2021-12-28,2027-01-31,62,57,91.2,4,17,0
PRJ-01764,Optical fibre network project 1764,Telecommunications,Optical fibre network,168.35,151.51,90.0,2024-07-10,2026-12-27,30,26,85.2,0,12,0
PRJ-01765,Urban housing project 1765,Housing & Urban Affairs,Urban housing,1070.54,863.93,80.7,2022-05-19,2027-03-24,59,52,88.0,1,3,0
PRJ-01766,National highways project 1766,Road Transport & Highways,National highways,564.23,319.35,56.6,2023-01-28,2029-11-22,83,44,52.8,4,0,0
PRJ-01767,Metro rail project 1767,Railways,Metro rail,308.08,187.62,60.9,2025-06-27,2026-11-19,17,14,73.2,34,4,0
PRJ-01768,National highways project 1768,Road Transport & Highways,National highways,23.93,13.69,57.2,2022-12-20,2028-01-23,62,45,61.9,26,2,0
PRJ-01769,Optical fibre network project 1769,Telecommunications,Optical fibre network,48.37,42.23,87.3,2023-02-09,2024-11-30,22,43,98.0,1,3,0
PRJ-01770,Urban housing project 1770,Housing & Urban Affairs,Urban housing,26.19,11.39,43.5,2024-12-31,2029-08-07,56,20,47.1,4,22,0
PRJ-01771,Transmission lines project 1771,Power,Transmission lines,216.77,128.11,59.1,2023-11-12,2030-03-10,77,34,52.2,0,17,0
PRJ-01772,Metro rail project 1772,Railways,Metro rail,190.1,103.79,54.6,2025-04-11,2028-02-25,35,17,43.9,13,0,0
PRJ-01773,Irrigation project 1773,Jal Shakti,Irrigation,79.33,43.95,55.4,2022-09-20,2026-05-02,44,48,52.0,2,20,1
PRJ-01774,Transmission lines project 1774,Power,Transmission lines,12.18,8.47,69.5,2025-07-15,2028-05-30,35,14,46.4,2,8,1
PRJ-01775,Irrigation canals project 1775,Agriculture,Irrigation canals,60.23,44.63,74.1,2021-09-11,2028-08-05,84,61,73.8,0,0,0
PRJ-01776,State highways project 1776,Road Transport & Highways,State highways,328.54,326.57,99.4,2021-05-28,2028-02-21,82,64,86.8,4,3,0
PRJ-01777,Coal mining infra project 1777,Coal,Coal mining infra,502.99,365.67,72.7,2022-07-25,2029-04-19,82,50,66.4,10,13,0
PRJ-01778,Bridges project 1778,Road Transport & Highways,Bridges,48.69,44.99,92.4,2024-07-19,2026-03-11,20,26,98.0,11,1,0
PRJ-01779,Rural water supply project 1779,Jal Shakti,Rural water supply,49.67,21.01,42.3,2025-08-17,2028-08-31,37,13,29.8,10,4,0
PRJ-01780,Solar parks project 1780,New & Renewable Energy,Solar parks,15.76,12.94,82.1,2023-06-13,2027-11-19,54,39,84.3,14,8,0
PRJ-01781,Rural roads project 1781,Rural Development,Rural roads,142.66,63.06,44.2,2025-06-17,2028-11-28,42,15,44.5,17,5,0
PRJ-01782,Rail track doubling project 1782,Railways,Rail track doubling,14.3,15.02,105.0,2024-07-31,2026-03-23,20,25,98.0,0,0,0
PRJ-01783,Transmission lines project 1783,Power,Transmission lines,146.45,33.83,23.1,2024-05-25,2030-06-23,74,28,47.0,7,29,0
PRJ-01784,Coal mining infra project 1784,Coal,Coal mining infra,46.48,15.9,34.2,2024-05-03,2028-07-11,51,28,35.2,4,21,1
PRJ-01785,Solar parks project 1785,New & Renewable Energy,Solar parks,29.06,9.62,33.1,2025-04-28,2032-03-22,84,16,17.9,16,17,0
PRJ-01786,Solar parks project 1786,New & Renewable Energy,Solar parks,5.0,3.04,60.8,2024-02-19,2028-05-28,52,31,60.5,4,7,0
PRJ-01787,Gas pipelines project 1787,Petroleum & Natural Gas,Gas pipelines,45.01,42.58,94.6,2025-03-26,2026-03-21,12,18,98.0,21,6,0
PRJ-01788,Smart city infra project 1788,Housing & Urban Affairs,Smart city infra,64.98,45.88,70.6,2024-10-18,2028-01-31,40,23,73.9,5,34,0
PRJ-01789,Mineral exploration project 1789,Mines,Mineral exploration,47.03,26.38,56.1,2023-09-25,2027-08-05,47,36,68.2,5,21,0
PRJ-01790,Rural roads project 1790,Rural Development,Rural roads,374.35,166.59,44.5,2025-06-04,2029-11-10,54,15,45.2,32,1,0
PRJ-01791,Airport terminals project 1791,Civil Aviation,Airport terminals,11.01,5.63,51.1,2023-08-02,2029-04-02,69,38,67.8,16,2,0
PRJ-01792,Rural roads project 1792,Rural Development,Rural roads,29.19,30.65,105.0,2021-11-01,2026-01-09,51,59,98.0,3,12,0
PRJ-01793,Airport terminals project 1793,Civil Aviation,Airport terminals,25.42,21.07,82.9,2023-02-01,2025-02-20,25,44,98.0,11,8,0
PRJ-01794,Thermal power project 1794,Power,Thermal power,987.25,896.42,90.8,2022-07-23,2024-05-13,22,50,98.0,0,21,0
PRJ-01795,Rural water supply project 1795,Jal Shakti,Rural water supply,14.71,15.45,105.0,2021-05-13,2023-09-30,29,65,98.0,33,2,0
PRJ-01796,Optical fibre network project 1796,Telecommunications,Optical fibre network,71.26,27.65,38.8,2025-01-28,2028-10-09,45,19,38.1,15,2,0
PRJ-01797,Mineral exploration project 1797,Mines,Mineral exploration,30.86,19.9,64.5,2025-10-01,2027-06-23,21,11,52.4,4,48,0
PRJ-01798,National highways project 1798,Road Transport & Highways,National highways,105.23,110.49,105.0,2021-06-01,2027-08-29,76,64,83.0,0,21,0
PRJ-01799,Mineral exploration project 1799,Mines,Mineral exploration,35.94,9.45,26.3,2026-01-02,2031-03-07,63,8,22.1,0,18,0
PRJ-01800,Solar parks project 1800,New & Renewable Energy,Solar parks,91.66,96.24,105.0,2024-12-26,2026-04-20,16,20,98.0,9,14,0
PRJ-01801,Optical fibre network project 1801,Telecommunications,Optical fibre network,247.38,122.7,49.6,2024-09-19,2031-05-16,81,24,34.3,2,26,0
PRJ-01802,Optical fibre network project 1802,Telecommunications,Optical fibre network,13.39,13.39,100.0,2023-07-14,2026-01-29,31,38,98.0,17,3,0
PRJ-01803,Rural roads project 1803,Rural Development,Rural roads,22.97,19.02,82.8,2023-12-24,2027-04-07,40,33,92.3,16,11,0
PRJ-01804,Solar parks project 1804,New & Renewable Energy,Solar parks,31.12,32.68,105.0,2022-01-25,2026-02-03,49,56,98.0,4,17,0
PRJ-01805,Metro rail project 1805,Railways,Metro rail,150.46,89.67,59.6,2023-07-29,2029-10-25,76,38,50.5,12,20,1
PRJ-01806,Port development project 1806,Shipping,Port development,9.76,4.06,41.6,2025-09-02,2030-10-06,62,12,22.5,6,21,0
PRJ-01807,Rural roads project 1807,Rural Development,Rural roads,307.6,317.14,103.1,2023-05-13,2024-06-06,13,40,98.0,1,4,0
PRJ-01808,Irrigation canals project 1808,Agriculture,Irrigation canals,15.58,14.8,95.0,2024-11-02,2027-07-20,33,22,87.8,6,5,0
PRJ-01809,Port development project 1809,Shipping,Port development,267.81,69.36,25.9,2025-05-23,2031-01-22,69,16,32.7,0,6,0
PRJ-01810,Thermal power project 1810,Power,Thermal power,73.19,18.52,25.3,2025-03-05,2032-01-28,84,18,28.1,0,2,0
PRJ-01811,Solar parks project 1811,New & Renewable Energy,Solar parks,324.02,332.44,102.6,2022-06-25,2024-12-11,30,51,98.0,24,19,0
PRJ-01812,Airport terminals project 1812,Civil Aviation,Airport terminals,16.31,2.46,15.1,2020-11-29,2025-08-05,57,70,20.0,2,12,1
PRJ-01813,State highways project 1813,Road Transport & Highways,State highways,1384.26,629.84,45.5,2024-12-13,2031-01-11,74,21,20.3,19,3,0
PRJ-01814,Irrigation project 1814,Jal Shakti,Irrigation,56.59,6.11,10.8,2025-10-29,2029-07-10,45,10,29.9,0,1,0
PRJ-01815,Rural roads project 1815,Rural Development,Rural roads,32.87,3.91,11.9,2024-11-12,2026-04-06,17,22,19.4,7,29,1
PRJ-01816,Irrigation canals project 1816,Agriculture,Irrigation canals,92.49,49.85,53.9,2025-01-07,2031-06-05,78,20,34.3,5,0,0
PRJ-01817,Rural roads project 1817,Rural Development,Rural roads,42.34,25.49,60.2,2024-01-02,2029-12-01,72,32,46.9,17,1,0
PRJ-01818,Coal mining infra project 1818,Coal,Coal mining infra,9.84,3.29,33.4,2021-03-27,2022-08-19,17,66,47.5,6,9,1
PRJ-01819,State highways project 1819,Road Transport & Highways,State highways,465.03,464.1,99.8,2020-09-05,2025-01-12,53,73,98.0,5,0,0
PRJ-01820,Rail track doubling project 1820,Railways,Rail track doubling,169.72,143.58,84.6,2022-03-26,2028-08-21,78,54,73.6,3,8,0
PRJ-01821,Mineral exploration project 1821,Mines,Mineral exploration,129.39,87.08,67.3,2021-07-11,2025-05-21,47,63,67.9,2,27,1
PRJ-01822,Rural water supply project 1822,Jal Shakti,Rural water supply,10.05,5.6,55.7,2022-12-07,2029-08-02,81,46,54.9,11,31,0
PRJ-01823,Solar parks project 1823,New & Renewable Energy,Solar parks,5.0,1.74,34.7,2025-03-15,2030-02-17,60,18,39.2,7,4,0
PRJ-01824,Mineral exploration project 1824,Mines,Mineral exploration,41.06,20.9,50.9,2024-01-21,2028-10-26,58,32,46.1,10,21,0
PRJ-01825,Solar parks project 1825,New & Renewable Energy,Solar parks,58.74,23.26,39.6,2022-07-07,2024-03-28,21,51,18.5,5,7,1
PRJ-01826,Port development project 1826,Shipping,Port development,5.0,1.12,22.3,2024-10-07,2029-09-11,60,23,37.5,0,1,0
PRJ-01827,Irrigation project 1827,Jal Shakti,Irrigation,843.46,430.16,51.0,2023-04-14,2028-06-16,63,41,79.0,7,19,0
PRJ-01828,Rural roads project 1828,Rural Development,Rural roads,634.91,655.86,103.3,2021-08-06,2026-03-13,56,62,98.0,4,4,0
PRJ-01829,Airport terminals project 1829,Civil Aviation,Airport terminals,29.42,28.92,98.3,2021-09-25,2027-09-24,73,60,92.0,2,5,0
PRJ-01830,Steel plant expansion project 1830,Steel,Steel plant expansion,68.95,19.72,28.6,2026-02-21,2032-05-20,76,6,20.2,4,2,0
PRJ-01831,Metro rail project 1831,Railways,Metro rail,288.39,290.99,100.9,2023-09-18,2026-06-04,33,36,98.0,5,4,0
PRJ-01832,Irrigation project 1832,Jal Shakti,Irrigation,18.03,3.14,17.4,2025-09-30,2032-01-27,77,11,20.1,9,6,0
PRJ-01833,Mineral exploration project 1833,Mines,Mineral exploration,50.51,37.18,73.6,2024-08-08,2027-10-22,39,25,80.6,1,17,0
PRJ-01834,Metro rail project 1834,Railways,Metro rail,45.81,24.65,53.8,2025-02-17,2027-10-05,32,19,67.2,21,7,0
PRJ-01835,Rural roads project 1835,Rural Development,Rural roads,225.27,129.98,57.7,2022-10-21,2025-01-08,27,47,38.2,4,1,1
PRJ-01836,Irrigation canals project 1836,Agriculture,Irrigation canals,72.61,15.47,21.3,2024-11-20,2030-03-24,65,22,23.6,1,2,1
PRJ-01837,Smart city infra project 1837,Housing & Urban Affairs,Smart city infra,207.47,71.37,34.4,2022-02-20,2024-04-10,26,55,51.0,4,16,1
PRJ-01838,Airport terminals project 1838,Civil Aviation,Airport terminals,8.66,6.86,79.2,2022-05-24,2028-05-22,73,52,87.0,1,8,0
PRJ-01839,Airport terminals project 1839,Civil Aviation,Airport terminals,114.19,62.23,54.5,2024-12-30,2027-08-17,32,20,53.6,20,32,0
PRJ-01840,Mineral exploration project 1840,Mines,Mineral exploration,16.66,16.03,96.2,2021-07-04,2026-10-06,64,63,95.0,4,4,1
PRJ-01841,National highways project 1841,Road Transport & Highways,National highways,141.57,137.75,97.3,2024-10-23,2026-03-17,17,23,98.0,3,1,0
PRJ-01842,Metro rail project 1842,Railways,Metro rail,20.78,0.0,0.0,2022-12-18,2025-08-04,32,45,10.3,50,4,1
PRJ-01843,Metro rail project 1843,Railways,Metro rail,15.22,13.44,88.3,2022-08-25,2028-12-21,77,49,81.5,12,26,0
PRJ-01844,State highways project 1844,Road Transport & Highways,State highways,106.83,61.11,57.2,2021-03-08,2023-08-25,30,67,54.0,3,1,1
PRJ-01845,State highways project 1845,Road Transport & Highways,State highways,372.34,155.27,41.7,2025-03-31,2028-12-10,45,17,56.6,4,102,0
PRJ-01846,Thermal power project 1846,Power,Thermal power,9.89,9.93,100.4,2023-04-13,2028-06-15,63,41,78.4,1,2,1
PRJ-01847,Steel plant expansion project 1847,Steel,Steel plant expansion,269.18,280.22,104.1,2020-09-28,2027-08-23,84,72,88.4,2,18,0
PRJ-01848,Mineral exploration project 1848,Mines,Mineral exploration,168.78,20.59,12.2,2026-01-27,2030-01-06,48,7,7.7,15,6,0
PRJ-01849,Bridges project 1849,Road Transport & Highways,Bridges,170.7,52.58,30.8,2024-12-18,2030-08-19,69,21,22.6,1,8,1
PRJ-01850,Steel plant expansion project 1850,Steel,Steel plant expansion,112.82,48.51,43.0,2023-07-15,2029-07-13,73,38,51.3,0,10,0
PRJ-01851,Thermal power project 1851,Power,Thermal power,10.21,4.19,41.0,2024-12-12,2030-03-16,64,21,37.6,0,24,0
PRJ-01852,Steel plant expansion project 1852,Steel,Steel plant expansion,70.21,35.81,51.0,2025-05-18,2028-04-02,35,16,41.8,9,21,0
PRJ-01853,Steel plant expansion project 1853,Steel,Steel plant expansion,73.17,48.58,66.4,2022-06-25,2028-10-21,77,51,79.5,0,8,0
PRJ-01854,Rural water supply project 1854,Jal Shakti,Rural water supply,421.8,237.05,56.2,2025-03-28,2029-10-03,55,17,48.8,23,19,1
PRJ-01855,Coal mining infra project 1855,Coal,Coal mining infra,32.04,12.02,37.5,2022-11-01,2024-06-23,20,47,37.2,16,2,1
PRJ-01856,Irrigation project 1856,Jal Shakti,Irrigation,389.5,0.0,0.0,2024-01-22,2029-01-25,61,32,4.5,6,8,1
PRJ-01857,Metro rail project 1857,Railways,Metro rail,103.33,99.3,96.1,2025-07-27,2026-09-20,14,13,98.0,0,1,0
PRJ-01858,Transmission lines project 1858,Power,Transmission lines,15.06,5.33,35.4,2023-04-01,2029-06-28,76,42,37.8,4,14,1
PRJ-01859,Irrigation canals project 1859,Agriculture,Irrigation canals,74.32,73.43,98.8,2023-10-29,2026-05-16,31,35,98.0,1,32,0
PRJ-01860,Steel plant expansion project 1860,Steel,Steel plant expansion,30.71,20.61,67.1,2025-08-21,2028-06-06,34,13,77.3,3,7,1
PRJ-01861,Airport terminals project 1861,Civil Aviation,Airport terminals,20.36,8.39,41.2,2021-02-14,2022-06-09,16,68,38.4,2,10,1
PRJ-01862,Optical fibre network project 1862,Telecommunications,Optical fibre network,14.47,11.76,81.3,2023-05-11,2025-07-29,27,40,98.0,8,8,0
PRJ-01863,Bridges project 1863,Road Transport & Highways,Bridges,135.13,41.48,30.7,2023-06-23,2025-10-10,28,39,31.2,8,2,1
PRJ-01864,Steel plant expansion project 1864,Steel,Steel plant expansion,270.51,169.61,62.7,2023-02-26,2024-02-21,12,43,79.6,17,1,1
PRJ-01865,Irrigation canals project 1865,Agriculture,Irrigation canals,182.37,93.92,51.5,2022-07-16,2028-01-16,67,50,56.5,18,13,1
PRJ-01866,Port development project 1866,Shipping,Port development,406.15,238.82,58.8,2023-10-27,2028-08-31,59,35,54.5,0,3,0
PRJ-01867,State highways project 1867,Road Transport & Highways,State highways,35.19,25.65,72.9,2022-04-08,2028-10-03,79,54,70.3,15,0,0
PRJ-01868,Gas pipelines project 1868,Petroleum & Natural Gas,Gas pipelines,19.57,8.16,41.7,2024-11-22,2030-11-21,73,22,48.7,13,90,0
PRJ-01869,Refineries project 1869,Petroleum & Natural Gas,Refineries,239.84,156.62,65.3,2024-03-19,2026-03-09,24,30,60.7,22,37,1
PRJ-01870,Gas pipelines project 1870,Petroleum & Natural Gas,Gas pipelines,68.45,22.79,33.3,2025-06-05,2029-01-15,44,15,27.2,9,4,0
PRJ-01871,Airport terminals project 1871,Civil Aviation,Airport terminals,349.42,325.31,93.1,2021-11-19,2025-04-02,41,58,98.0,4,0,0
PRJ-01872,Bridges project 1872,Road Transport & Highways,Bridges,105.65,48.92,46.3,2024-08-03,2031-03-30,81,25,50.9,12,4,1
PRJ-01873,Gas pipelines project 1873,Petroleum & Natural Gas,Gas pipelines,68.25,44.77,65.6,2024-09-25,2027-09-10,36,24,65.1,3,1,0
PRJ-01874,National highways project 1874,Road Transport & Highways,National highways,131.39,61.88,47.1,2022-03-15,2023-03-10,12,54,29.1,5,8,1
PRJ-01875,Solar parks project 1875,New & Renewable Energy,Solar parks,93.83,16.51,17.6,2023-04-01,2025-06-19,27,42,25.7,30,3,1
PRJ-01876,Port development project 1876,Shipping,Port development,300.7,116.67,38.8,2026-02-20,2031-01-25,60,6,32.1,19,8,0
PRJ-01877,Mineral exploration project 1877,Mines,Mineral exploration,11.84,6.61,55.8,2025-01-10,2029-04-19,52,20,48.6,5,1,0
PRJ-01878,Gas pipelines project 1878,Petroleum & Natural Gas,Gas pipelines,294.62,292.26,99.2,2024-02-24,2026-03-15,25,31,98.0,0,1,0
PRJ-01879,Metro rail project 1879,Railways,Metro rail,33.81,24.28,71.8,2023-10-16,2027-05-28,44,35,81.3,16,21,0
PRJ-01880,Rural water supply project 1880,Jal Shakti,Rural water supply,170.54,0.0,0.0,2021-05-21,2027-12-16,80,64,2.0,4,10,1
PRJ-01881,Gas pipelines project 1881,Petroleum & Natural Gas,Gas pipelines,43.55,37.93,87.1,2023-01-05,2027-10-11,58,45,87.5,40,2,0
PRJ-01882,Steel plant expansion project 1882,Steel,Steel plant expansion,130.13,45.29,34.8,2024-08-19,2029-09-22,62,25,34.0,2,17,0
PRJ-01883,Transmission lines project 1883,Power,Transmission lines,152.88,95.4,62.4,2023-11-11,2030-08-06,82,34,50.8,12,13,0
PRJ-01884,Optical fibre network project 1884,Telecommunications,Optical fibre network,94.61,87.33,92.3,2023-06-22,2026-04-07,34,39,98.0,5,11,0
PRJ-01885,Rural roads project 1885,Rural Development,Rural roads,56.74,34.84,61.4,2023-01-16,2029-11-10,83,44,68.5,0,5,0
PRJ-01886,Airport terminals project 1886,Civil Aviation,Airport terminals,5.0,2.0,40.1,2024-10-03,2028-12-11,51,23,63.5,8,16,0
PRJ-01887,Solar parks project 1887,New & Renewable Energy,Solar parks,156.27,88.92,56.9,2024-03-31,2029-05-04,62,30,61.5,10,14,0
PRJ-01888,Metro rail project 1888,Railways,Metro rail,16.12,13.75,85.3,2021-05-20,2023-08-08,27,64,98.0,12,5,0
PRJ-01889,Irrigation project 1889,Jal Shakti,Irrigation,65.63,65.76,100.2,2023-09-04,2026-04-21,32,36,98.0,2,11,0
PRJ-01890,Rail track doubling project 1890,Railways,Rail track doubling,22.06,11.54,52.3,2024-12-22,2031-04-20,77,21,60.2,0,10,1
PRJ-01891,Refineries project 1891,Petroleum & Natural Gas,Refineries,166.71,138.37,83.0,2021-10-09,2026-04-16,55,60,98.0,0,12,0
PRJ-01892,Optical fibre network project 1892,Telecommunications,Optical fibre network,26.89,18.5,68.8,2022-09-26,2024-03-19,18,48,49.8,22,21,1
PRJ-01893,Thermal power project 1893,Power,Thermal power,23.35,15.41,66.0,2023-12-31,2024-12-25,12,33,60.8,9,6,1
PRJ-01894,Bridges project 1894,Road Transport & Highways,Bridges,9.7,8.51,87.7,2021-07-24,2024-01-10,30,62,89.4,7,30,1
PRJ-01895,Airport terminals project 1895,Civil Aviation,Airport terminals,383.24,328.44,85.7,2020-12-26,2026-06-28,67,69,94.9,7,26,0
PRJ-01896,Bridges project 1896,Road Transport & Highways,Bridges,57.5,49.05,85.3,2025-10-26,2029-07-07,45,10,74.9,4,8,1
PRJ-01897,Irrigation project 1897,Jal Shakti,Irrigation,77.06,79.37,103.0,2024-02-06,2025-11-27,22,31,98.0,14,26,0
PRJ-01898,Steel plant expansion project 1898,Steel,Steel plant expansion,14.1,3.37,23.9,2025-12-19,2030-12-23,61,9,15.4,2,19,0
PRJ-01899,Refineries project 1899,Petroleum & Natural Gas,Refineries,55.91,47.69,85.3,2022-09-26,2029-02-21,78,48,82.2,3,11,0
PRJ-01900,Urban housing project 1900,Housing & Urban Affairs,Urban housing,87.37,77.76,89.0,2022-03-10,2023-10-01,19,55,98.0,1,4,0
PRJ-01901,Thermal power project 1901,Power,Thermal power,14.84,11.25,75.8,2022-08-03,2028-09-30,75,50,68.8,11,14,0
PRJ-01902,Coal mining infra project 1902,Coal,Coal mining infra,29.57,0.53,1.8,2026-02-13,2029-02-27,37,7,12.9,4,13,0
PRJ-01903,Irrigation canals project 1903,Agriculture,Irrigation canals,165.72,151.14,91.2,2020-12-16,2027-05-14,78,70,89.5,21,23,0
PRJ-01904,Urban housing project 1904,Housing & Urban Affairs,Urban housing,189.12,198.58,105.0,2025-02-01,2026-05-27,16,19,98.0,30,0,0
PRJ-01905,Steel plant expansion project 1905,Steel,Steel plant expansion,60.42,21.69,35.9,2023-04-26,2029-09-21,78,41,41.3,5,7,0
PRJ-01906,Irrigation project 1906,Jal Shakti,Irrigation,30.6,29.99,98.0,2022-09-24,2025-06-10,33,48,98.0,3,7,0
PRJ-01907,Irrigation canals project 1907,Agriculture,Irrigation canals,130.01,0.0,0.0,2025-12-23,2030-09-28,58,8,7.4,1,21,0
PRJ-01908,Irrigation project 1908,Jal Shakti,Irrigation,183.77,127.17,69.2,2022-07-04,2023-06-29,12,51,55.9,7,0,1
PRJ-01909,Thermal power project 1909,Power,Thermal power,22.13,5.51,24.9,2025-09-10,2029-07-21,47,12,20.1,10,11,0
PRJ-01910,Refineries project 1910,Petroleum & Natural Gas,Refineries,232.83,106.17,45.6,2024-03-13,2029-04-16,62,30,51.6,13,13,0
PRJ-01911,Refineries project 1911,Petroleum & Natural Gas,Refineries,11.0,7.16,65.1,2022-11-22,2025-12-06,37,46,69.4,6,6,1
PRJ-01912,Port development project 1912,Shipping,Port development,17.63,8.73,49.5,2026-02-03,2027-09-26,20,7,43.6,22,5,0
PRJ-01913,Bridges project 1913,Road Transport & Highways,Bridges,11.41,11.8,103.4,2023-02-05,2027-01-15,48,44,98.0,2,7,0
PRJ-01914,Optical fibre network project 1914,Telecommunications,Optical fibre network,28.99,17.19,59.3,2021-01-18,2025-08-25,56,68,47.4,7,1,1
PRJ-01915,Rural roads project 1915,Rural Development,Rural roads,155.06,141.72,91.4,2020-10-11,2024-08-21,47,72,98.0,5,29,0
PRJ-01916,Irrigation project 1916,Jal Shakti,Irrigation,48.32,50.74,105.0,2022-10-12,2025-09-26,36,47,98.0,18,10,0
PRJ-01917,Coal mining infra project 1917,Coal,Coal mining infra,7.47,7.84,105.0,2020-12-18,2026-02-20,63,69,98.0,0,12,0
PRJ-01918,Solar parks project 1918,New & Renewable Energy,Solar parks,63.32,22.86,36.1,2026-02-25,2029-11-06,45,6,41.4,2,19,1
PRJ-01919,Thermal power project 1919,Power,Thermal power,9.4,3.29,35.0,2023-11-24,2030-02-20,76,34,42.7,12,8,0
PRJ-01920,Rail track doubling project 1920,Railways,Rail track doubling,20.95,20.93,99.9,2023-01-17,2024-10-08,21,44,98.0,4,2,0
PRJ-01921,Port development project 1921,Shipping,Port development,95.14,62.03,65.2,2024-07-12,2029-01-17,55,26,57.5,4,34,0
PRJ-01922,Rail track doubling project 1922,Railways,Rail track doubling,12.25,2.43,19.8,2021-09-04,2028-01-01,77,61,26.5,6,6,1
PRJ-01923,Rural water supply project 1923,Jal Shakti,Rural water supply,288.4,225.82,78.3,2021-04-07,2027-11-02,80,66,84.7,9,1,0
PRJ-01924,Solar parks project 1924,New & Renewable Energy,Solar parks,124.33,54.46,43.8,2024-10-10,2030-05-12,68,23,39.5,1,19,0
PRJ-01925,Refineries project 1925,Petroleum & Natural Gas,Refineries,22.42,19.89,88.7,2023-01-08,2029-01-06,73,44,69.7,12,9,0
PRJ-01926,Irrigation project 1926,Jal Shakti,Irrigation,20.63,16.34,79.2,2021-12-06,2026-06-13,55,58,98.0,3,14,0
PRJ-01927,Coal mining infra project 1927,Coal,Coal mining infra,304.7,180.69,59.3,2022-05-11,2028-02-09,70,52,63.4,13,11,0
PRJ-01928,Solar parks project 1928,New & Renewable Energy,Solar parks,53.33,56.0,105.0,2021-05-06,2022-07-30,15,65,98.0,4,0,0
PRJ-01929,Airport terminals project 1929,Civil Aviation,Airport terminals,21.13,0.89,4.2,2025-07-11,2029-03-22,45,14,17.3,14,27,0
PRJ-01930,Bridges project 1930,Road Transport & Highways,Bridges,18.36,15.83,86.2,2024-01-13,2027-04-27,40,32,81.1,22,1,0
PRJ-01931,Irrigation canals project 1931,Agriculture,Irrigation canals,25.87,12.6,48.7,2022-03-31,2025-08-12,41,54,49.2,10,3,1
PRJ-01932,Smart city infra project 1932,Housing & Urban Affairs,Smart city infra,9.75,6.56,67.3,2023-11-13,2028-07-19,57,34,76.6,0,20,0
PRJ-01933,Port development project 1933,Shipping,Port development,34.99,29.92,85.5,2023-03-05,2024-03-29,13,43,75.8,7,2,1
PRJ-01934,Rural water supply project 1934,Jal Shakti,Rural water supply,31.25,17.28,55.3,2024-10-14,2028-09-23,48,23,60.7,7,0,0
PRJ-01935,Bridges project 1935,Road Transport & Highways,Bridges,174.61,85.38,48.9,2023-12-10,2028-06-16,55,33,50.9,21,2,1
PRJ-01936,Bridges project 1936,Road Transport & Highways,Bridges,102.28,70.88,69.3,2023-01-26,2025-11-11,34,44,68.6,0,14,1
PRJ-01937,Airport terminals project 1937,Civil Aviation,Airport terminals,60.31,21.89,36.3,2024-06-02,2029-02-06,57,27,37.1,2,2,1
PRJ-01938,Transmission lines project 1938,Power,Transmission lines,5.51,5.45,98.9,2021-03-01,2024-12-10,46,67,98.0,0,34,0
PRJ-01939,Thermal power project 1939,Power,Thermal power,378.46,298.98,79.0,2020-11-13,2023-10-29,36,71,80.7,4,5,1
PRJ-01940,Airport terminals project 1940,Civil Aviation,Airport terminals,164.78,122.6,74.4,2022-01-17,2025-01-31,37,56,98.0,12,5,0
PRJ-01941,Irrigation project 1941,Jal Shakti,Irrigation,204.16,185.38,90.8,2022-01-20,2025-07-03,42,56,98.0,3,29,0
PRJ-01942,Rural water supply project 1942,Jal Shakti,Rural water supply,42.32,20.31,48.0,2025-01-07,2028-05-21,41,20,53.4,12,20,0
PRJ-01943,Transmission lines project 1943,Power,Transmission lines,19.27,20.23,105.0,2021-07-01,2025-01-11,43,63,98.0,19,1,0
PRJ-01944,Steel plant expansion project 1944,Steel,Steel plant expansion,119.18,103.33,86.7,2024-03-07,2026-09-23,31,30,98.0,0,11,0
PRJ-01945,Rail track doubling project 1945,Railways,Rail track doubling,8.22,4.04,49.1,2025-07-04,2027-04-25,22,14,51.2,3,46,1
PRJ-01946,Irrigation canals project 1946,Agriculture,Irrigation canals,157.42,48.64,30.9,2020-10-26,2026-12-24,75,71,22.6,8,5,1
PRJ-01947,Steel plant expansion project 1947,Steel,Steel plant expansion,21.97,3.05,13.9,2026-02-21,2032-10-17,81,6,15.0,2,19,0
PRJ-01948,State highways project 1948,Road Transport & Highways,State highways,10.78,8.19,76.0,2021-06-04,2027-06-03,73,64,88.2,13,25,0
PRJ-01949,Rural roads project 1949,Rural Development,Rural roads,6.48,5.7,88.0,2022-09-12,2026-12-20,52,48,89.6,6,1,0
PRJ-01950,Airport terminals project 1950,Civil Aviation,Airport terminals,38.71,40.65,105.0,2021-02-21,2025-01-01,47,67,98.0,0,13,0
PRJ-01951,Airport terminals project 1951,Civil Aviation,Airport terminals,100.74,45.33,45.0,2025-02-25,2031-06-24,77,18,31.2,0,1,0
PRJ-01952,Rural water supply project 1952,Jal Shakti,Rural water supply,19.65,16.86,85.8,2023-12-13,2027-03-27,40,33,88.8,6,4,0
PRJ-01953,Solar parks project 1953,New & Renewable Energy,Solar parks,16.76,16.36,97.6,2025-06-17,2026-12-09,18,15,88.2,12,34,0
PRJ-01954,Port development project 1954,Shipping,Port development,84.45,78.2,92.6,2021-09-12,2027-02-13,66,61,93.9,21,10,0
PRJ-01955,Airport terminals project 1955,Civil Aviation,Airport terminals,220.31,187.92,85.3,2020-11-28,2027-07-25,81,70,95.5,1,2,0
PRJ-01956,State highways project 1956,Road Transport & Highways,State highways,52.16,37.87,72.6,2023-05-12,2027-12-17,56,40,73.0,2,8,0
PRJ-01957,Refineries project 1957,Petroleum & Natural Gas,Refineries,9.18,4.25,46.3,2021-05-09,2024-02-23,34,65,37.9,6,4,1
PRJ-01958,Coal mining infra project 1958,Coal,Coal mining infra,75.22,4.14,5.5,2020-09-14,2022-12-03,27,73,5.2,6,2,1
PRJ-01959,Port development project 1959,Shipping,Port development,24.44,20.14,82.4,2023-08-07,2027-11-14,52,37,82.2,9,0,0
PRJ-01960,National highways project 1960,Road Transport & Highways,National highways,306.49,83.37,27.2,2026-02-10,2029-03-26,38,7,36.5,7,26,0
PRJ-01961,Refineries project 1961,Petroleum & Natural Gas,Refineries,15.55,5.57,35.8,2022-12-03,2024-11-22,24,46,38.5,2,32,1
PRJ-01962,Smart city infra project 1962,Housing & Urban Affairs,Smart city infra,41.95,36.37,86.7,2024-02-25,2027-11-06,45,31,80.0,2,1,0
PRJ-01963,Thermal power project 1963,Power,Thermal power,44.2,46.01,104.1,2023-02-07,2026-10-19,45,43,98.0,2,26,0
PRJ-01964,Irrigation project 1964,Jal Shakti,Irrigation,47.46,20.74,43.7,2024-09-01,2030-08-01,72,24,35.1,16,5,0
PRJ-01965,Steel plant expansion project 1965,Steel,Steel plant expansion,59.51,21.36,35.9,2024-04-03,2029-01-07,58,29,36.7,17,5,1
PRJ-01966,Thermal power project 1966,Power,Thermal power,33.23,18.21,54.8,2023-05-20,2028-10-20,66,40,70.6,16,1,0
PRJ-01967,Transmission lines project 1967,Power,Transmission lines,100.94,77.02,76.3,2023-10-30,2028-09-03,59,35,76.8,2,35,0
PRJ-01968,Rural roads project 1968,Rural Development,Rural roads,43.2,45.36,105.0,2021-05-22,2026-07-25,63,64,98.0,3,7,0
PRJ-01969,Rural water supply project 1969,Jal Shakti,Rural water supply,26.87,27.68,103.0,2023-08-26,2026-07-11,35,37,97.9,6,13,0
PRJ-01970,Solar parks project 1970,New & Renewable Energy,Solar parks,162.4,81.2,50.0,2025-06-11,2028-10-23,41,15,46.5,5,0,0
PRJ-01971,Rail track doubling project 1971,Railways,Rail track doubling,68.44,66.25,96.8,2022-02-19,2025-11-30,46,55,98.0,9,2,0
PRJ-01972,Irrigation project 1972,Jal Shakti,Irrigation,119.54,114.4,95.7,2023-01-24,2028-07-26,67,44,73.8,16,4,0
PRJ-01973,Refineries project 1973,Petroleum & Natural Gas,Refineries,88.6,65.39,73.8,2025-01-29,2027-07-18,30,19,68.9,7,33,0
PRJ-01974,Metro rail project 1974,Railways,Metro rail,68.41,18.33,26.8,2023-07-12,2024-08-05,13,38,42.0,10,0,1
PRJ-01975,Thermal power project 1975,Power,Thermal power,5.0,1.96,39.1,2023-10-25,2029-12-22,75,35,53.4,0,52,0
PRJ-01976,Metro rail project 1976,Railways,Metro rail,65.7,45.46,69.2,2021-03-03,2027-07-30,78,67,71.7,9,8,1
PRJ-01977,Optical fibre network project 1977,Telecommunications,Optical fibre network,256.39,246.13,96.0,2022-02-20,2026-05-30,52,55,98.0,2,24,0
PRJ-01978,Airport terminals project 1978,Civil Aviation,Airport terminals,481.7,383.91,79.7,2024-06-30,2028-02-10,44,26,66.9,6,5,0
PRJ-01979,Optical fibre network project 1979,Telecommunications,Optical fibre network,390.41,383.77,98.3,2021-05-13,2028-04-06,84,65,94.5,20,17,0
PRJ-01980,State highways project 1980,Road Transport & Highways,State highways,1310.86,1376.4,105.0,2023-12-12,2025-12-01,24,33,98.0,11,68,0
PRJ-01981,Thermal power project 1981,Power,Thermal power,39.64,8.44,21.3,2025-11-04,2029-01-17,39,10,27.7,3,0,0
